[
  {
    "id": "0f1ba76a-14f1-432e-ba1d-67a036610eb1",
    "data": [
      {
        "text": "como você está ?",
        "userDefined": false
      }
    ],
    "isTemplate": false,
    "count": 0
  },
  {
    "id": "fb26631b-8715-4b9f-8eda-4e9b36a494bf",
    "data": [
      {
        "text": "hello",
        "userDefined": false
      }
    ],
    "isTemplate": false,
    "count": 0
  },
  {
    "id": "faf5b269-21c1-46c8-9a55-d43c0678e533",
    "data": [
      {
        "text": "tudo",
        "alias": "faltasTotal",
        "meta": "@faltasTotal",
        "userDefined": false
      },
      {
        "text": " bom ?",
        "userDefined": false
      }
    ],
    "isTemplate": false,
    "count": 0
  },
  {
    "id": "c15cb041-345d-4883-8bc9-8f64fd16e6a6",
    "data": [
      {
        "text": "oi",
        "alias": "boasVindas",
        "meta": "@boasVindas",
        "userDefined": false
      },
      {
        "text": " ",
        "userDefined": false
      },
      {
        "text": "oi",
        "alias": "boasVindas1",
        "meta": "@boasVindas",
        "userDefined": false
      }
    ],
    "isTemplate": false,
    "count": 0
  },
  {
    "id": "2b21929e-b84f-4361-8a9d-42ed6cda4893",
    "data": [
      {
        "text": "oieeerr oiis",
        "userDefined": false
      }
    ],
    "isTemplate": false,
    "count": 0
  },
  {
    "id": "dd34d945-9552-4584-8233-1ec81017b92f",
    "data": [
      {
        "text": "oieeerr",
        "userDefined": false
      }
    ],
    "isTemplate": false,
    "count": 0
  },
  {
    "id": "e241941c-2bbb-4b22-bb3b-2d59ec8485ad",
    "data": [
      {
        "text": "oier",
        "userDefined": false
      }
    ],
    "isTemplate": false,
    "count": 0
  },
  {
    "id": "92fb87af-524c-45a2-bcf9-ada76b9afaf5",
    "data": [
      {
        "text": "bâo",
        "alias": "boasVindas",
        "meta": "@boasVindas",
        "userDefined": true
      },
      {
        "text": " ?",
        "userDefined": false
      }
    ],
    "isTemplate": false,
    "count": 0
  },
  {
    "id": "3ee53dc0-7e2a-4489-8a60-89117105a043",
    "data": [
      {
        "text": "oie",
        "alias": "boasVindas",
        "meta": "@boasVindas",
        "userDefined": true
      }
    ],
    "isTemplate": false,
    "count": 0,
    "updated": 1508464081
  },
  {
    "id": "726c864c-448b-4385-ba39-362a40caba99",
    "data": [
      {
        "text": "oiie",
        "alias": "boasVindas",
        "meta": "@boasVindas",
        "userDefined": true
      }
    ],
    "isTemplate": false,
    "count": 0,
    "updated": 1508464081
  },
  {
    "id": "ee1754e9-eeed-4b0a-9145-bab0e84f30ff",
    "data": [
      {
        "text": "Oii",
        "userDefined": false
      }
    ],
    "isTemplate": false,
    "count": 1,
    "updated": 1508464081
  },
  {
    "id": "a4443026-3ebf-495a-a168-6c287ddaadd3",
    "data": [
      {
        "text": "Opa! Bão ?",
        "userDefined": false
      }
    ],
    "isTemplate": false,
    "count": 1,
    "updated": 1508464081
  },
  {
    "id": "4a6a15c6-68fc-49ed-9934-8d5734c615f2",
    "data": [
      {
        "text": "de boas",
        "alias": "boasVindas",
        "meta": "@boasVindas",
        "userDefined": true
      }
    ],
    "isTemplate": false,
    "count": 0,
    "updated": 0
  },
  {
    "id": "98a113eb-9206-45b6-bb94-f63515e2d72e",
    "data": [
      {
        "text": "oi",
        "userDefined": false
      }
    ],
    "isTemplate": false,
    "count": 1,
    "updated": 1507946278
  },
  {
    "id": "f16b3f11-c9f6-4a4b-8d65-ca5239386654",
    "data": [
      {
        "text": "fala",
        "alias": "boasVindas",
        "meta": "@boasVindas",
        "userDefined": true
      },
      {
        "text": " ",
        "userDefined": false
      },
      {
        "text": "ae",
        "alias": "boasVindas",
        "meta": "@boasVindas",
        "userDefined": true
      }
    ],
    "isTemplate": false,
    "count": 1,
    "updated": 0
  },
  {
    "id": "acca09e2-76c2-4ec8-b446-c5a3f9024377",
    "data": [
      {
        "text": "e ae man ?",
        "alias": "boasVindas",
        "meta": "@boasVindas",
        "userDefined": true
      }
    ],
    "isTemplate": false,
    "count": 1,
    "updated": 0
  },
  {
    "id": "36d2338d-f631-4151-a417-3b4fa1a0dec8",
    "data": [
      {
        "text": "opa",
        "userDefined": false
      }
    ],
    "isTemplate": false,
    "count": 0,
    "updated": 0
  },
  {
    "id": "bffd578b-4682-4cd8-a2fe-a5bfabfbd73b",
    "data": [
      {
        "text": "olá",
        "userDefined": false
      }
    ],
    "isTemplate": false,
    "count": 0,
    "updated": 0
  }
]