[
  {
    "id": "4d4befa2-bbf8-4abf-8db1-6409fcd17563",
    "data": [
      {
        "text": "oie",
        "alias": "boasVindas",
        "meta": "@boasVindas",
        "userDefined": true
      }
    ],
    "isTemplate": false,
    "count": 0,
    "updated": 1508464081
  },
  {
    "id": "75198384-e4fe-4b1b-a474-9cfe02e9809c",
    "data": [
      {
        "text": "oiie",
        "alias": "boasVindas",
        "meta": "@boasVindas",
        "userDefined": true
      }
    ],
    "isTemplate": false,
    "count": 0,
    "updated": 1508464081
  },
  {
    "id": "4c038147-77bd-47bd-9b3d-13abba77dfcf",
    "data": [
      {
        "text": "Oii",
        "userDefined": false
      }
    ],
    "isTemplate": false,
    "count": 1,
    "updated": 1508464081
  },
  {
    "id": "438c8520-2fff-4c25-9ddd-383855fd6908",
    "data": [
      {
        "text": "Opa! Bão ?",
        "userDefined": false
      }
    ],
    "isTemplate": false,
    "count": 1,
    "updated": 1508464081
  },
  {
    "id": "6d505bd0-af10-4073-b33a-524101ddecf1",
    "data": [
      {
        "text": "de boas",
        "alias": "boasVindas",
        "meta": "@boasVindas",
        "userDefined": true
      }
    ],
    "isTemplate": false,
    "count": 0,
    "updated": 0
  },
  {
    "id": "e9190281-5cb0-45ba-8053-b9951c0ea0d4",
    "data": [
      {
        "text": "oi",
        "userDefined": false
      }
    ],
    "isTemplate": false,
    "count": 1,
    "updated": 1507946278
  },
  {
    "id": "f97cb15b-baf9-422b-87a6-1337160f7890",
    "data": [
      {
        "text": "fala ae",
        "userDefined": false
      }
    ],
    "isTemplate": false,
    "count": 1,
    "updated": 0
  },
  {
    "id": "bea82602-4fef-4df5-ad29-22cf7ca1ae3a",
    "data": [
      {
        "text": "e ae man ?",
        "alias": "boasVindas",
        "meta": "@boasVindas",
        "userDefined": true
      }
    ],
    "isTemplate": false,
    "count": 1,
    "updated": 0
  },
  {
    "id": "d8dff227-0def-4345-bb4f-5ffd6307c2f1",
    "data": [
      {
        "text": "opa",
        "userDefined": false
      }
    ],
    "isTemplate": false,
    "count": 0,
    "updated": 0
  },
  {
    "id": "5d621198-505e-426b-9022-27014ed9cec9",
    "data": [
      {
        "text": "olá",
        "userDefined": false
      }
    ],
    "isTemplate": false,
    "count": 0,
    "updated": 0
  }
]