[
  {
    "id": "d6e7865d-4e96-41cc-82fe-efb01a4101ef",
    "data": [
      {
        "text": "posso faltar em",
        "alias": "faltasMateria",
        "meta": "@faltasMateria",
        "userDefined": true
      },
      {
        "text": " ",
        "userDefined": false
      },
      {
        "text": "md",
        "alias": "materias",
        "meta": "@materias",
        "userDefined": true
      },
      {
        "text": " ?",
        "userDefined": false
      }
    ],
    "isTemplate": false,
    "count": 0,
    "updated": 1509155321
  },
  {
    "id": "c21393c4-0b84-4a91-831d-22a9d5fa525d",
    "data": [
      {
        "text": "estou de saco cheio da aula de",
        "alias": "faltasMateria",
        "meta": "@faltasMateria",
        "userDefined": true
      },
      {
        "text": " ",
        "userDefined": false
      },
      {
        "text": "cálculo,",
        "alias": "materias",
        "meta": "@materias",
        "userDefined": true
      },
      {
        "text": " não vou ir",
        "userDefined": false
      }
    ],
    "isTemplate": false,
    "count": 0,
    "updated": 1509155293
  },
  {
    "id": "d3cf0da9-18a0-4a74-94ca-197d86968c64",
    "data": [
      {
        "text": "quantas faltas tenho nas",
        "alias": "faltasMateria",
        "meta": "@faltasMateria",
        "userDefined": true
      },
      {
        "text": " matérias de ",
        "userDefined": false
      },
      {
        "text": "hoje",
        "alias": "date",
        "meta": "@sys.date",
        "userDefined": true
      },
      {
        "text": " ?",
        "userDefined": false
      }
    ],
    "isTemplate": false,
    "count": 0,
    "updated": 1509155069
  },
  {
    "id": "27f475ea-6be3-47a3-9382-264b37b2e795",
    "data": [
      {
        "text": "não vou hoje na aula de",
        "alias": "faltasMateria",
        "meta": "@faltasMateria",
        "userDefined": true
      },
      {
        "text": " ",
        "userDefined": false
      },
      {
        "text": "estrutura de dados",
        "alias": "materias",
        "meta": "@materias",
        "userDefined": true
      }
    ],
    "isTemplate": false,
    "count": 0,
    "updated": 1509155024
  },
  {
    "id": "371aa150-1d45-4b7a-89d7-dd66e527affe",
    "data": [
      {
        "text": "como estou de faltas ?",
        "alias": "faltasMateria",
        "meta": "@faltasMateria",
        "userDefined": true
      }
    ],
    "isTemplate": false,
    "count": 0,
    "updated": 1509154767
  },
  {
    "id": "afb24193-4a8d-4ddf-be0d-3c13c2f6c1e3",
    "data": [
      {
        "text": "quantas faltas tenho ",
        "userDefined": false
      },
      {
        "text": "matéria",
        "alias": "materias",
        "meta": "@materias",
        "userDefined": false
      },
      {
        "text": " ",
        "userDefined": false
      },
      {
        "text": "md",
        "alias": "materias1",
        "meta": "@materias",
        "userDefined": false
      }
    ],
    "isTemplate": false,
    "count": 1,
    "updated": 1508599259
  },
  {
    "id": "f786032f-169a-4aa9-8e2f-50fac5428373",
    "data": [
      {
        "text": "na matéria",
        "alias": "faltasMateria",
        "meta": "@faltasMateria",
        "userDefined": false
      },
      {
        "text": " de ",
        "userDefined": false
      },
      {
        "text": "s.i",
        "alias": "materias",
        "meta": "@materias",
        "userDefined": true
      },
      {
        "text": " quantas faltas tenho ?",
        "userDefined": false
      }
    ],
    "isTemplate": false,
    "count": 0,
    "updated": 1508599259
  },
  {
    "id": "2be721eb-eeb6-479c-8d43-e5158b0c442f",
    "data": [
      {
        "text": "faltas em",
        "alias": "faltasMateria",
        "meta": "@faltasMateria",
        "userDefined": false
      },
      {
        "text": " ",
        "userDefined": false
      },
      {
        "text": "uma",
        "alias": "time",
        "meta": "@sys.time",
        "userDefined": false
      },
      {
        "text": " ",
        "userDefined": false
      },
      {
        "text": "matéria",
        "alias": "materias",
        "meta": "@materias",
        "userDefined": false
      },
      {
        "text": " específica",
        "userDefined": false
      }
    ],
    "isTemplate": false,
    "count": 0,
    "updated": 1508585965
  },
  {
    "id": "b14dceb8-d318-4e77-ac20-b0a170a873c7",
    "data": [
      {
        "text": "faltas na matéria",
        "alias": "faltasMateria",
        "meta": "@faltasMateria",
        "userDefined": false
      },
      {
        "text": " de",
        "userDefined": false
      }
    ],
    "isTemplate": false,
    "count": 0,
    "updated": 1508585965
  },
  {
    "id": "83012a06-13ff-4019-8a31-833a3237f30c",
    "data": [
      {
        "text": "falta específica",
        "alias": "faltasMateria",
        "meta": "@faltasMateria",
        "userDefined": false
      }
    ],
    "isTemplate": false,
    "count": 1,
    "updated": 1508586030
  },
  {
    "id": "f2607182-1ec3-4d6e-9791-ed8bf9af46ae",
    "data": [
      {
        "text": "falta em determinada ",
        "userDefined": false
      },
      {
        "text": "matéria",
        "alias": "materias",
        "meta": "@materias",
        "userDefined": false
      }
    ],
    "isTemplate": false,
    "count": 0,
    "updated": 1508599259
  },
  {
    "id": "fb34ee20-5f16-4e16-87e2-bc902c2e1e6f",
    "data": [
      {
        "text": "faltas em",
        "alias": "faltasMateria",
        "meta": "@faltasMateria",
        "userDefined": false
      },
      {
        "text": " ",
        "userDefined": false
      },
      {
        "text": "uma",
        "alias": "time",
        "meta": "@sys.time",
        "userDefined": false
      },
      {
        "text": " ",
        "userDefined": false
      },
      {
        "text": "matéria",
        "alias": "materias",
        "meta": "@materias",
        "userDefined": false
      }
    ],
    "isTemplate": false,
    "count": 1,
    "updated": 1508585965
  },
  {
    "id": "6cf941c2-f59a-4dc2-a3d2-a55e9775f348",
    "data": [
      {
        "text": "faltas específica",
        "userDefined": false
      }
    ],
    "isTemplate": false,
    "count": 1,
    "updated": 1508585965
  },
  {
    "id": "344c07f1-7aa7-425b-ab6f-edfdad414134",
    "data": [
      {
        "text": "Quero ver ",
        "userDefined": false
      },
      {
        "text": "uma",
        "alias": "time",
        "meta": "@sys.time",
        "userDefined": false
      },
      {
        "text": " ",
        "userDefined": false
      },
      {
        "text": "matéria específica",
        "alias": "faltasMateria",
        "meta": "@faltasMateria",
        "userDefined": true
      }
    ],
    "isTemplate": false,
    "count": 0,
    "updated": 1508585965
  },
  {
    "id": "aa195e98-0c34-4061-b171-09133423fea0",
    "data": [
      {
        "text": "quero ver faltas",
        "alias": "faltasMateria",
        "meta": "@faltasMateria",
        "userDefined": true
      },
      {
        "text": " em ",
        "userDefined": false
      },
      {
        "text": "uma",
        "alias": "time",
        "meta": "@sys.time",
        "userDefined": false
      },
      {
        "text": " única ",
        "userDefined": false
      },
      {
        "text": "matéria",
        "alias": "materias",
        "meta": "@materias",
        "userDefined": false
      }
    ],
    "isTemplate": false,
    "count": 0,
    "updated": 1508599259
  },
  {
    "id": "101ffead-3c76-4b06-9b32-e50fc06cfbc4",
    "data": [
      {
        "text": "quero ver faltas em",
        "alias": "faltasMateria",
        "meta": "@faltasMateria",
        "userDefined": true
      },
      {
        "text": " ",
        "userDefined": false
      },
      {
        "text": "uma",
        "alias": "time",
        "meta": "@sys.time",
        "userDefined": false
      },
      {
        "text": " certa ",
        "userDefined": false
      },
      {
        "text": "matéria",
        "alias": "materias",
        "meta": "@materias",
        "userDefined": false
      }
    ],
    "isTemplate": false,
    "count": 0,
    "updated": 1508599259
  },
  {
    "id": "73673923-e772-43bc-a217-6ed33d23e885",
    "data": [
      {
        "text": "quero ver faltas me ",
        "userDefined": false
      },
      {
        "text": "uma",
        "alias": "time",
        "meta": "@sys.time",
        "userDefined": false
      },
      {
        "text": " ",
        "userDefined": false
      },
      {
        "text": "matéria específica",
        "alias": "faltasMateria",
        "meta": "@faltasMateria",
        "userDefined": false
      }
    ],
    "isTemplate": false,
    "count": 0,
    "updated": 1508599259
  },
  {
    "id": "3a7ac143-39d7-440d-9192-379196e11768",
    "data": [
      {
        "text": "falta em ",
        "userDefined": false
      },
      {
        "text": "uma",
        "alias": "time",
        "meta": "@sys.time",
        "userDefined": false
      },
      {
        "text": " ",
        "userDefined": false
      },
      {
        "text": "matéria",
        "alias": "materias",
        "meta": "@materias",
        "userDefined": false
      }
    ],
    "isTemplate": false,
    "count": 1,
    "updated": 1508597379
  },
  {
    "id": "d9b1a4e1-89e8-4848-8600-5da1e413ac31",
    "data": [
      {
        "text": "ver ",
        "userDefined": false
      },
      {
        "text": "faltas em",
        "alias": "faltasMateria",
        "meta": "@faltasMateria",
        "userDefined": false
      },
      {
        "text": " ",
        "userDefined": false
      },
      {
        "text": "uma",
        "alias": "time",
        "meta": "@sys.time",
        "userDefined": false
      },
      {
        "text": " ",
        "userDefined": false
      },
      {
        "text": "matéria",
        "alias": "materias",
        "meta": "@materias",
        "userDefined": false
      }
    ],
    "isTemplate": false,
    "count": 1,
    "updated": 1508585965
  }
]