[
  {
    "id": "f6845582-57d5-4f6e-9bf6-c54ee9bb5498",
    "data": [
      {
        "text": "faltas em",
        "alias": "faltasMateria",
        "meta": "@faltasMateria",
        "userDefined": false
      },
      {
        "text": " ",
        "userDefined": false
      },
      {
        "text": "uma",
        "alias": "time",
        "meta": "@sys.time",
        "userDefined": false
      },
      {
        "text": " matéria",
        "userDefined": false
      }
    ],
    "isTemplate": false,
    "count": 0
  },
  {
    "id": "01b9ea47-69f1-4db1-9492-620a1ee1b43e",
    "data": [
      {
        "text": "falta específica",
        "alias": "faltasMateria",
        "meta": "@faltasMateria",
        "userDefined": false
      }
    ],
    "isTemplate": false,
    "count": 0
  },
  {
    "id": "5cb93729-1aa6-4fa1-9bb9-57c87e5339da",
    "data": [
      {
        "text": "faltas em",
        "alias": "faltasMateria",
        "meta": "@faltasMateria",
        "userDefined": false
      },
      {
        "text": " ",
        "userDefined": false
      },
      {
        "text": "uma",
        "alias": "time",
        "meta": "@sys.time",
        "userDefined": false
      },
      {
        "text": " ",
        "userDefined": false
      },
      {
        "text": "matéria específica",
        "alias": "faltasMateria1",
        "meta": "@faltasMateria",
        "userDefined": false
      }
    ],
    "isTemplate": false,
    "count": 0
  },
  {
    "id": "1eb8a4fb-1c04-4c65-8319-e093378cadf3",
    "data": [
      {
        "text": "faltas",
        "alias": "faltasMateria",
        "meta": "@faltasMateria",
        "userDefined": true
      },
      {
        "text": " ",
        "userDefined": false
      },
      {
        "text": "por",
        "alias": "faltasMateria",
        "meta": "@faltasMateria",
        "userDefined": true
      },
      {
        "text": " ",
        "userDefined": false
      },
      {
        "text": "matéria",
        "alias": "materias_all",
        "meta": "@materias_all",
        "userDefined": true
      }
    ],
    "isTemplate": false,
    "count": 0
  },
  {
    "id": "d565535e-7451-402d-9a90-65ece4c5ce9f",
    "data": [
      {
        "text": "quero ",
        "userDefined": false
      },
      {
        "text": "ver faltas",
        "alias": "faltasMateria",
        "meta": "@faltasMateria",
        "userDefined": true
      },
      {
        "text": " por ",
        "userDefined": false
      },
      {
        "text": "matéria",
        "alias": "materias_all",
        "meta": "@materias_all",
        "userDefined": true
      }
    ],
    "isTemplate": false,
    "count": 0
  },
  {
    "id": "34037ae4-451f-428b-8bd4-29f4e0e8c0eb",
    "data": [
      {
        "text": "falta",
        "alias": "faltasMateria",
        "meta": "@faltasMateria",
        "userDefined": true
      },
      {
        "text": " na ",
        "userDefined": false
      },
      {
        "text": "matéria",
        "alias": "faltasMateria",
        "meta": "@faltasMateria",
        "userDefined": true
      },
      {
        "text": " de ",
        "userDefined": false
      },
      {
        "text": "cálculo",
        "alias": "materias_all",
        "meta": "@materias_all",
        "userDefined": true
      }
    ],
    "isTemplate": false,
    "count": 1
  },
  {
    "id": "490514ef-f19e-4e4a-9520-64ad10435b17",
    "data": [
      {
        "text": "faltar",
        "alias": "faltasMateria",
        "meta": "@faltasMateria",
        "userDefined": true
      },
      {
        "text": " em ",
        "userDefined": false
      },
      {
        "text": "ed",
        "alias": "materias_all",
        "meta": "@materias_all",
        "userDefined": true
      }
    ],
    "isTemplate": false,
    "count": 0
  },
  {
    "id": "ac0b360c-9332-47b7-91e0-8ca1072ca8ed",
    "data": [
      {
        "text": "posso faltar",
        "alias": "faltasMateria",
        "meta": "@faltasMateria",
        "userDefined": true
      },
      {
        "text": " em ",
        "userDefined": false
      },
      {
        "text": "md",
        "alias": "materias_all",
        "meta": "@materias_all",
        "userDefined": true
      },
      {
        "text": " ?",
        "userDefined": false
      }
    ],
    "isTemplate": false,
    "count": 0
  },
  {
    "id": "6200aa16-881d-4674-bee0-1345f5deeb93",
    "data": [
      {
        "text": "estou de ",
        "userDefined": false
      },
      {
        "text": "saco cheio",
        "alias": "faltasMateria",
        "meta": "@faltasMateria",
        "userDefined": true
      },
      {
        "text": " da aula de ",
        "userDefined": false
      },
      {
        "text": "cálculo",
        "alias": "materias_all",
        "meta": "@materias_all",
        "userDefined": true
      },
      {
        "text": ", não vou ir",
        "userDefined": false
      }
    ],
    "isTemplate": false,
    "count": 0
  },
  {
    "id": "6a883fdb-f108-428a-9630-805c6d830598",
    "data": [
      {
        "text": "não",
        "alias": "faltasMateria",
        "meta": "@faltasMateria",
        "userDefined": true
      },
      {
        "text": " vou ",
        "userDefined": false
      },
      {
        "text": "hoje",
        "alias": "faltasMateria",
        "meta": "@faltasMateria",
        "userDefined": true
      },
      {
        "text": " na ",
        "userDefined": false
      },
      {
        "text": "aula",
        "alias": "faltasMateria",
        "meta": "@faltasMateria",
        "userDefined": true
      },
      {
        "text": " de ",
        "userDefined": false
      },
      {
        "text": "estrutura de dados",
        "alias": "materias_all",
        "meta": "@materias_all",
        "userDefined": true
      }
    ],
    "isTemplate": false,
    "count": 0
  },
  {
    "id": "e53380c2-857b-4242-b175-cbb9c0683c99",
    "data": [
      {
        "text": "posso ",
        "userDefined": false
      },
      {
        "text": "faltar",
        "alias": "faltasMateria",
        "meta": "@faltasMateria",
        "userDefined": true
      },
      {
        "text": " ",
        "userDefined": false
      },
      {
        "text": "em",
        "alias": "faltasMateria",
        "meta": "@faltasMateria",
        "userDefined": true
      },
      {
        "text": " ",
        "userDefined": false
      },
      {
        "text": "md",
        "alias": "materias_all",
        "meta": "@materias_all",
        "userDefined": true
      },
      {
        "text": " ?",
        "userDefined": false
      }
    ],
    "isTemplate": false,
    "count": 0,
    "updated": 1509155321
  },
  {
    "id": "fec0668b-5393-46bf-83b1-43587ee31459",
    "data": [
      {
        "text": "quero",
        "alias": "faltasMateria",
        "meta": "@faltasMateria",
        "userDefined": true
      },
      {
        "text": " ver ",
        "userDefined": false
      },
      {
        "text": "faltas",
        "alias": "faltasMateria",
        "meta": "@faltasMateria",
        "userDefined": true
      },
      {
        "text": " em   ",
        "userDefined": false
      },
      {
        "text": "matéria",
        "alias": "materias_all",
        "meta": "@materias_all",
        "userDefined": true
      }
    ],
    "isTemplate": false,
    "count": 0,
    "updated": 1508599259
  },
  {
    "id": "d0bd5c69-1b56-4903-ad8b-548f5b3e0ab4",
    "data": [
      {
        "text": "quantas ",
        "userDefined": false
      },
      {
        "text": "faltas",
        "alias": "faltasMateria",
        "meta": "@faltasMateria",
        "userDefined": true
      },
      {
        "text": " tenho na ",
        "userDefined": false
      },
      {
        "text": "matéria",
        "alias": "faltasMateria",
        "meta": "@faltasMateria",
        "userDefined": true
      },
      {
        "text": " ",
        "userDefined": false
      },
      {
        "text": "md",
        "alias": "materias_all",
        "meta": "@materias_all",
        "userDefined": true
      }
    ],
    "isTemplate": false,
    "count": 1,
    "updated": 1508599259
  },
  {
    "id": "f496c4c9-9974-4f4a-a809-3d11648560e2",
    "data": [
      {
        "text": "estou de ",
        "userDefined": false
      },
      {
        "text": "saco cheio",
        "alias": "faltasMateria",
        "meta": "@faltasMateria",
        "userDefined": true
      },
      {
        "text": " da ",
        "userDefined": false
      },
      {
        "text": "aula",
        "alias": "faltasMateria",
        "meta": "@faltasMateria",
        "userDefined": true
      },
      {
        "text": " de ",
        "userDefined": false
      },
      {
        "text": "cálculo",
        "alias": "materias_all",
        "meta": "@materias_all",
        "userDefined": true
      },
      {
        "text": ", ",
        "userDefined": false
      },
      {
        "text": "não",
        "alias": "faltasMateria",
        "meta": "@faltasMateria",
        "userDefined": true
      },
      {
        "text": " ",
        "userDefined": false
      },
      {
        "text": "vou",
        "alias": "faltasMateria",
        "meta": "@faltasMateria",
        "userDefined": true
      },
      {
        "text": " ir",
        "userDefined": false
      }
    ],
    "isTemplate": false,
    "count": 0,
    "updated": 1509155293
  },
  {
    "id": "8a394694-1823-4557-8eb0-31bb1c86bd36",
    "data": [
      {
        "text": "na matéria",
        "meta": "@sys.ignore",
        "userDefined": false
      },
      {
        "text": " de ",
        "userDefined": false
      },
      {
        "text": "s.i",
        "alias": "materias_all",
        "meta": "@materias_all",
        "userDefined": true
      },
      {
        "text": " ",
        "userDefined": false
      },
      {
        "text": "quantas",
        "alias": "faltasMateria",
        "meta": "@faltasMateria",
        "userDefined": true
      },
      {
        "text": " ",
        "userDefined": false
      },
      {
        "text": "faltas",
        "alias": "faltasMateria",
        "meta": "@faltasMateria",
        "userDefined": true
      },
      {
        "text": " tenho ?",
        "userDefined": false
      }
    ],
    "isTemplate": false,
    "count": 0,
    "updated": 1508599259
  },
  {
    "id": "7c354828-bda7-4b41-9529-bb846fac02e7",
    "data": [
      {
        "text": "não vou hoje na aula de",
        "alias": "faltasMateria",
        "meta": "@faltasMateria",
        "userDefined": true
      },
      {
        "text": " ",
        "userDefined": false
      },
      {
        "text": "estrutura de dados",
        "alias": "materias_all",
        "meta": "@materias_all",
        "userDefined": true
      }
    ],
    "isTemplate": false,
    "count": 0,
    "updated": 1509155024
  },
  {
    "id": "1e2e95d8-68f3-444c-9465-890fed591803",
    "data": [
      {
        "text": "faltas na matéria",
        "alias": "faltasMateria",
        "meta": "@faltasMateria",
        "userDefined": false
      },
      {
        "text": " de ",
        "userDefined": false
      },
      {
        "text": "edd",
        "alias": "materias_all",
        "meta": "@materias_all",
        "userDefined": true
      }
    ],
    "isTemplate": false,
    "count": 0,
    "updated": 1508585965
  },
  {
    "id": "2f5859b2-4056-450a-b63b-b6608a619d81",
    "data": [
      {
        "text": "faltas em",
        "alias": "faltasMateria",
        "meta": "@faltasMateria",
        "userDefined": false
      },
      {
        "text": " ",
        "userDefined": false
      },
      {
        "text": "sociologia",
        "alias": "materias_all",
        "meta": "@materias_all",
        "userDefined": true
      }
    ],
    "isTemplate": false,
    "count": 0,
    "updated": 1508585965
  },
  {
    "id": "8979b78e-445f-404b-b60a-9d9c175ab814",
    "data": [
      {
        "text": "Quero ver ",
        "userDefined": false
      },
      {
        "text": "faltas",
        "alias": "faltasMateria",
        "meta": "@faltasMateria",
        "userDefined": true
      },
      {
        "text": " na matéria de ",
        "userDefined": false
      },
      {
        "text": "aoc",
        "alias": "materias_all",
        "meta": "@materias_all",
        "userDefined": true
      }
    ],
    "isTemplate": false,
    "count": 0,
    "updated": 1508585965
  },
  {
    "id": "69bcb03e-a958-450a-a78e-5ba0951fed25",
    "data": [
      {
        "text": "quero ver faltas me ",
        "userDefined": false
      },
      {
        "text": "uma",
        "alias": "time",
        "meta": "@sys.time",
        "userDefined": false
      },
      {
        "text": " ",
        "userDefined": false
      },
      {
        "text": "matéria específica",
        "alias": "faltasMateria",
        "meta": "@faltasMateria",
        "userDefined": false
      }
    ],
    "isTemplate": false,
    "count": 0,
    "updated": 1508599259
  },
  {
    "id": "5696cee4-a719-4a44-88fe-ae2cdfdd58b6",
    "data": [
      {
        "text": "como estou de faltas ?",
        "alias": "faltasMateria",
        "meta": "@faltasMateria",
        "userDefined": true
      }
    ],
    "isTemplate": false,
    "count": 0,
    "updated": 1509154767
  }
]