[
  {
    "id": "438e2566-484f-4580-a9ed-379438d2abae",
    "data": [
      {
        "text": "falta na matéria",
        "userDefined": false
      }
    ],
    "isTemplate": false,
    "count": 0,
    "updated": 1508502121
  },
  {
    "id": "9a83e300-0f65-4207-be30-2b63ab25f0a0",
    "data": [
      {
        "text": "quantas faltas tenho em",
        "alias": "faltasMateria",
        "meta": "@faltasMateria",
        "userDefined": false
      }
    ],
    "isTemplate": false,
    "count": 2,
    "updated": 0
  },
  {
    "id": "8aae3566-b9dc-498f-8b96-b434302d716e",
    "data": [
      {
        "text": "quantas faltas tenho ",
        "userDefined": false
      },
      {
        "text": "na matéria",
        "alias": "faltasMateria",
        "meta": "@faltasMateria",
        "userDefined": false
      },
      {
        "text": " de",
        "userDefined": false
      }
    ],
    "isTemplate": false,
    "count": 0,
    "updated": 0
  },
  {
    "id": "b56fc4df-ee2e-45bc-a0fc-fca3d7e2f621",
    "data": [
      {
        "text": "faltas em",
        "alias": "faltasMateria",
        "meta": "@faltasMateria",
        "userDefined": false
      }
    ],
    "isTemplate": false,
    "count": 0,
    "updated": 0
  },
  {
    "id": "4d529017-af20-4c1d-910e-d432292b2ce7",
    "data": [
      {
        "text": "quero ver ",
        "userDefined": false
      },
      {
        "text": "faltas específicas",
        "alias": "faltasMateria",
        "meta": "@faltasMateria",
        "userDefined": true
      }
    ],
    "isTemplate": false,
    "count": 0,
    "updated": 0
  }
]