[
  {
    "id": "9a635da4-70d2-4d5b-b2f6-23b5cf315532",
    "data": [
      {
        "text": "falta",
        "alias": "faltasMateria",
        "meta": "@faltasMateria",
        "userDefined": true
      },
      {
        "text": " na ",
        "userDefined": false
      },
      {
        "text": "matéria",
        "alias": "faltasMateria",
        "meta": "@faltasMateria",
        "userDefined": true
      },
      {
        "text": " de ",
        "userDefined": false
      },
      {
        "text": "cálculo",
        "alias": "materias_all",
        "meta": "@materias_all",
        "userDefined": true
      }
    ],
    "isTemplate": false,
    "count": 1
  },
  {
    "id": "90a41956-d857-4aee-906e-85e4b9683cd9",
    "data": [
      {
        "text": "faltar",
        "alias": "faltasMateria",
        "meta": "@faltasMateria",
        "userDefined": true
      },
      {
        "text": " em ",
        "userDefined": false
      },
      {
        "text": "ed",
        "alias": "materias_all",
        "meta": "@materias_all",
        "userDefined": true
      }
    ],
    "isTemplate": false,
    "count": 0
  },
  {
    "id": "3415356d-7075-4ca6-bf0c-e71eb89c109d",
    "data": [
      {
        "text": "posso faltar",
        "alias": "faltasMateria",
        "meta": "@faltasMateria",
        "userDefined": true
      },
      {
        "text": " em ",
        "userDefined": false
      },
      {
        "text": "md",
        "alias": "materias_all",
        "meta": "@materias_all",
        "userDefined": true
      },
      {
        "text": " ?",
        "userDefined": false
      }
    ],
    "isTemplate": false,
    "count": 0
  },
  {
    "id": "77dd3cf6-fbf2-4c0f-9590-4b5dd3613908",
    "data": [
      {
        "text": "estou de ",
        "userDefined": false
      },
      {
        "text": "saco cheio",
        "alias": "faltasMateria",
        "meta": "@faltasMateria",
        "userDefined": true
      },
      {
        "text": " da aula de ",
        "userDefined": false
      },
      {
        "text": "cálculo",
        "alias": "materias_all",
        "meta": "@materias_all",
        "userDefined": true
      },
      {
        "text": ", não vou ir",
        "userDefined": false
      }
    ],
    "isTemplate": false,
    "count": 0
  },
  {
    "id": "2d61762f-3a46-4141-8caa-e653763bb382",
    "data": [
      {
        "text": "não",
        "alias": "faltasMateria",
        "meta": "@faltasMateria",
        "userDefined": true
      },
      {
        "text": " vou ",
        "userDefined": false
      },
      {
        "text": "hoje",
        "alias": "faltasMateria",
        "meta": "@faltasMateria",
        "userDefined": true
      },
      {
        "text": " na ",
        "userDefined": false
      },
      {
        "text": "aula",
        "alias": "faltasMateria",
        "meta": "@faltasMateria",
        "userDefined": true
      },
      {
        "text": " de ",
        "userDefined": false
      },
      {
        "text": "estrutura de dados",
        "alias": "materias_all",
        "meta": "@materias_all",
        "userDefined": true
      }
    ],
    "isTemplate": false,
    "count": 0
  },
  {
    "id": "8b20a4f6-0be6-4c74-b92c-0b909a018835",
    "data": [
      {
        "text": "posso ",
        "userDefined": false
      },
      {
        "text": "faltar",
        "alias": "faltasMateria",
        "meta": "@faltasMateria",
        "userDefined": true
      },
      {
        "text": " ",
        "userDefined": false
      },
      {
        "text": "em",
        "alias": "faltasMateria",
        "meta": "@faltasMateria",
        "userDefined": true
      },
      {
        "text": " ",
        "userDefined": false
      },
      {
        "text": "md",
        "alias": "materias_all",
        "meta": "@materias_all",
        "userDefined": true
      },
      {
        "text": " ?",
        "userDefined": false
      }
    ],
    "isTemplate": false,
    "count": 0,
    "updated": 1509155321
  },
  {
    "id": "dca13ee7-c1de-4eae-8594-6c8bf0efa5d0",
    "data": [
      {
        "text": "quero",
        "alias": "faltasMateria",
        "meta": "@faltasMateria",
        "userDefined": true
      },
      {
        "text": " ver ",
        "userDefined": false
      },
      {
        "text": "faltas",
        "alias": "faltasMateria",
        "meta": "@faltasMateria",
        "userDefined": true
      },
      {
        "text": " em   ",
        "userDefined": false
      },
      {
        "text": "matéria",
        "alias": "materias_all",
        "meta": "@materias_all",
        "userDefined": true
      }
    ],
    "isTemplate": false,
    "count": 0,
    "updated": 1508599259
  },
  {
    "id": "d59cd998-85f3-4db3-91eb-151e12145803",
    "data": [
      {
        "text": "quantas ",
        "userDefined": false
      },
      {
        "text": "faltas",
        "alias": "faltasMateria",
        "meta": "@faltasMateria",
        "userDefined": true
      },
      {
        "text": " tenho na ",
        "userDefined": false
      },
      {
        "text": "matéria",
        "alias": "faltasMateria",
        "meta": "@faltasMateria",
        "userDefined": true
      },
      {
        "text": " ",
        "userDefined": false
      },
      {
        "text": "md",
        "alias": "materias_all",
        "meta": "@materias_all",
        "userDefined": true
      }
    ],
    "isTemplate": false,
    "count": 1,
    "updated": 1508599259
  },
  {
    "id": "a8049c0a-aa18-4068-83ce-f04b6b3aba82",
    "data": [
      {
        "text": "estou de ",
        "userDefined": false
      },
      {
        "text": "saco cheio",
        "alias": "faltasMateria",
        "meta": "@faltasMateria",
        "userDefined": true
      },
      {
        "text": " da ",
        "userDefined": false
      },
      {
        "text": "aula",
        "alias": "faltasMateria",
        "meta": "@faltasMateria",
        "userDefined": true
      },
      {
        "text": " de ",
        "userDefined": false
      },
      {
        "text": "cálculo",
        "alias": "materias_all",
        "meta": "@materias_all",
        "userDefined": true
      },
      {
        "text": ", ",
        "userDefined": false
      },
      {
        "text": "não",
        "alias": "faltasMateria",
        "meta": "@faltasMateria",
        "userDefined": true
      },
      {
        "text": " ",
        "userDefined": false
      },
      {
        "text": "vou",
        "alias": "faltasMateria",
        "meta": "@faltasMateria",
        "userDefined": true
      },
      {
        "text": " ir",
        "userDefined": false
      }
    ],
    "isTemplate": false,
    "count": 0,
    "updated": 1509155293
  },
  {
    "id": "a00bb256-c46e-4fbe-93ac-3cf88d38539b",
    "data": [
      {
        "text": "na matéria",
        "meta": "@sys.ignore",
        "userDefined": false
      },
      {
        "text": " de ",
        "userDefined": false
      },
      {
        "text": "s.i",
        "alias": "materias_all",
        "meta": "@materias_all",
        "userDefined": true
      },
      {
        "text": " ",
        "userDefined": false
      },
      {
        "text": "quantas",
        "alias": "faltasMateria",
        "meta": "@faltasMateria",
        "userDefined": true
      },
      {
        "text": " ",
        "userDefined": false
      },
      {
        "text": "faltas",
        "alias": "faltasMateria",
        "meta": "@faltasMateria",
        "userDefined": true
      },
      {
        "text": " tenho ?",
        "userDefined": false
      }
    ],
    "isTemplate": false,
    "count": 0,
    "updated": 1508599259
  },
  {
    "id": "ed24a3cd-fdea-408a-9b69-f68c7974c968",
    "data": [
      {
        "text": "não vou hoje na aula de",
        "alias": "faltasMateria",
        "meta": "@faltasMateria",
        "userDefined": true
      },
      {
        "text": " ",
        "userDefined": false
      },
      {
        "text": "estrutura de dados",
        "alias": "materias_all",
        "meta": "@materias_all",
        "userDefined": true
      }
    ],
    "isTemplate": false,
    "count": 0,
    "updated": 1509155024
  },
  {
    "id": "eaeba926-c2e7-4cf9-ad22-d8e650990038",
    "data": [
      {
        "text": "faltas na matéria",
        "alias": "faltasMateria",
        "meta": "@faltasMateria",
        "userDefined": false
      },
      {
        "text": " de ",
        "userDefined": false
      },
      {
        "text": "edd",
        "alias": "materias_all",
        "meta": "@materias_all",
        "userDefined": true
      }
    ],
    "isTemplate": false,
    "count": 0,
    "updated": 1508585965
  },
  {
    "id": "a98dd086-5653-4afe-a693-05590b02fa5d",
    "data": [
      {
        "text": "faltas em",
        "alias": "faltasMateria",
        "meta": "@faltasMateria",
        "userDefined": false
      },
      {
        "text": " ",
        "userDefined": false
      },
      {
        "text": "sociologia",
        "alias": "materias_all",
        "meta": "@materias_all",
        "userDefined": true
      }
    ],
    "isTemplate": false,
    "count": 0,
    "updated": 1508585965
  },
  {
    "id": "68788db4-3363-4098-a356-ef9e48a98325",
    "data": [
      {
        "text": "Quero ver ",
        "userDefined": false
      },
      {
        "text": "faltas",
        "alias": "faltasMateria",
        "meta": "@faltasMateria",
        "userDefined": true
      },
      {
        "text": " na matéria de ",
        "userDefined": false
      },
      {
        "text": "aoc",
        "alias": "materias_all",
        "meta": "@materias_all",
        "userDefined": true
      }
    ],
    "isTemplate": false,
    "count": 0,
    "updated": 1508585965
  },
  {
    "id": "294248dd-e8a5-4faa-a18f-ce7561a1bb4d",
    "data": [
      {
        "text": "quero ver faltas me ",
        "userDefined": false
      },
      {
        "text": "uma",
        "alias": "time",
        "meta": "@sys.time",
        "userDefined": false
      },
      {
        "text": " ",
        "userDefined": false
      },
      {
        "text": "matéria específica",
        "alias": "faltasMateria",
        "meta": "@faltasMateria",
        "userDefined": false
      }
    ],
    "isTemplate": false,
    "count": 0,
    "updated": 1508599259
  },
  {
    "id": "ceebc591-2c4f-42c2-8457-fdae6a326abc",
    "data": [
      {
        "text": "como estou de faltas ?",
        "alias": "faltasMateria",
        "meta": "@faltasMateria",
        "userDefined": true
      }
    ],
    "isTemplate": false,
    "count": 0,
    "updated": 1509154767
  }
]