[
  {
    "id": "d00ac363-0282-46f1-bdd3-c2c091ca6477",
    "data": [
      {
        "text": "matéria",
        "alias": "materias",
        "meta": "@materias",
        "userDefined": false
      },
      {
        "text": " ",
        "userDefined": false
      },
      {
        "text": "específica",
        "alias": "faltasMateria",
        "meta": "@faltasMateria",
        "userDefined": true
      }
    ],
    "isTemplate": false,
    "count": 0,
    "updated": 1508585350
  },
  {
    "id": "5345fc55-0363-4cdd-a594-405edf26b322",
    "data": [
      {
        "text": "como estou de faltas hoje",
        "userDefined": false
      }
    ],
    "isTemplate": false,
    "count": 0,
    "updated": 1508553854
  },
  {
    "id": "cbd0f2f0-253b-40c8-8ebf-5cbdc590247a",
    "data": [
      {
        "text": "vou faltar  em",
        "alias": "possoFaltar",
        "meta": "@possoFaltar",
        "userDefined": true
      },
      {
        "text": " ?",
        "userDefined": false
      }
    ],
    "isTemplate": false,
    "count": 0,
    "updated": 1508553854
  },
  {
    "id": "45fec592-c784-4ae9-b9eb-6ff9f47c9162",
    "data": [
      {
        "text": "ei! vou ",
        "userDefined": false
      },
      {
        "text": "faltar",
        "alias": "possoFaltar",
        "meta": "@possoFaltar",
        "userDefined": false
      },
      {
        "text": " ",
        "userDefined": false
      },
      {
        "text": "hoje",
        "alias": "date",
        "meta": "@sys.date",
        "userDefined": false
      },
      {
        "text": ", pode ?",
        "userDefined": false
      }
    ],
    "isTemplate": false,
    "count": 0,
    "updated": 1508553854
  },
  {
    "id": "2acc2d2a-7f38-4ea1-8573-3e88e9c70b03",
    "data": [
      {
        "text": "novidades para ",
        "userDefined": false
      },
      {
        "text": "engenharia de software 1",
        "alias": "materias",
        "meta": "@materias",
        "userDefined": false
      },
      {
        "text": " ?",
        "userDefined": false
      }
    ],
    "isTemplate": false,
    "count": 0,
    "updated": 1508553854
  },
  {
    "id": "3267ff08-7f41-4cc0-a7bc-5918e69f8d5e",
    "data": [
      {
        "text": "hoje",
        "alias": "date",
        "meta": "@sys.date",
        "userDefined": false
      },
      {
        "text": " posso ",
        "userDefined": false
      },
      {
        "text": "faltar",
        "alias": "possoFaltar",
        "meta": "@possoFaltar",
        "userDefined": false
      },
      {
        "text": " em ",
        "userDefined": false
      },
      {
        "text": "cálculo",
        "alias": "materias",
        "meta": "@materias",
        "userDefined": false
      }
    ],
    "isTemplate": false,
    "count": 0,
    "updated": 1508553854
  },
  {
    "id": "be95f717-b6e1-4148-8fd9-c658caa21d15",
    "data": [
      {
        "text": "hoje",
        "alias": "date",
        "meta": "@sys.date",
        "userDefined": false
      },
      {
        "text": " posso ",
        "userDefined": false
      },
      {
        "text": "faltar",
        "alias": "possoFaltar",
        "meta": "@possoFaltar",
        "userDefined": false
      },
      {
        "text": " em ",
        "userDefined": false
      },
      {
        "text": "poo",
        "alias": "materias",
        "meta": "@materias",
        "userDefined": false
      }
    ],
    "isTemplate": false,
    "count": 0,
    "updated": 1508553854
  },
  {
    "id": "4c3a1388-881b-4c4f-ac1f-4805f1434210",
    "data": [
      {
        "text": "hoje",
        "alias": "date",
        "meta": "@sys.date",
        "userDefined": false
      },
      {
        "text": " tenho aula de ",
        "userDefined": false
      },
      {
        "text": "inglês I",
        "alias": "materias",
        "meta": "@materias",
        "userDefined": false
      }
    ],
    "isTemplate": false,
    "count": 1,
    "updated": 1508553854
  },
  {
    "id": "ba65f528-efdb-4220-baf5-ef112eb92453",
    "data": [
      {
        "text": "faltas em",
        "alias": "faltasMateria",
        "meta": "@faltasMateria",
        "userDefined": false
      },
      {
        "text": " ",
        "userDefined": false
      },
      {
        "text": "lp",
        "alias": "materias",
        "meta": "@materias",
        "userDefined": false
      }
    ],
    "isTemplate": false,
    "count": 0,
    "updated": 1508553854
  },
  {
    "id": "b959a907-0aaa-46d8-9359-bd311ded4d05",
    "data": [
      {
        "text": "lp",
        "alias": "materias",
        "meta": "@materias",
        "userDefined": false
      }
    ],
    "isTemplate": false,
    "count": 0,
    "updated": 1508553854
  },
  {
    "id": "3f97e15f-64d6-41a8-a1e4-c900535a7e53",
    "data": [
      {
        "text": "egydio",
        "alias": "materias",
        "meta": "@materias",
        "userDefined": false
      }
    ],
    "isTemplate": false,
    "count": 0,
    "updated": 1508553854
  },
  {
    "id": "eed725e8-cb86-47ae-8faf-b030d5669d0c",
    "data": [
      {
        "text": "posso ",
        "userDefined": false
      },
      {
        "text": "faltar",
        "alias": "possoFaltar",
        "meta": "@possoFaltar",
        "userDefined": false
      },
      {
        "text": " em ",
        "userDefined": false
      },
      {
        "text": "contabilidade",
        "alias": "materias",
        "meta": "@materias",
        "userDefined": false
      }
    ],
    "isTemplate": false,
    "count": 0,
    "updated": 1508553854
  },
  {
    "id": "e1db167a-c89c-4cc7-9d1b-2b4e40d210a5",
    "data": [
      {
        "text": "quantas faltas tenho em",
        "alias": "faltasMateria",
        "meta": "@faltasMateria",
        "userDefined": false
      },
      {
        "text": " ",
        "userDefined": false
      },
      {
        "text": "si",
        "alias": "materias",
        "meta": "@materias",
        "userDefined": false
      }
    ],
    "isTemplate": false,
    "count": 0,
    "updated": 1508553854
  },
  {
    "id": "b5d89817-c7de-4dd9-8150-310ba028eee1",
    "data": [
      {
        "text": "posso ",
        "userDefined": false
      },
      {
        "text": "faltar",
        "alias": "possoFaltar",
        "meta": "@possoFaltar",
        "userDefined": false
      },
      {
        "text": " me ",
        "userDefined": false
      },
      {
        "text": "md",
        "alias": "materias",
        "meta": "@materias",
        "userDefined": false
      }
    ],
    "isTemplate": false,
    "count": 0,
    "updated": 1508553854
  },
  {
    "id": "e087ec12-ebc1-4cdb-8bc3-a726b30d8f6a",
    "data": [
      {
        "text": "posso ",
        "userDefined": false
      },
      {
        "text": "faltar",
        "alias": "possoFaltar",
        "meta": "@possoFaltar",
        "userDefined": false
      },
      {
        "text": " me ",
        "userDefined": false
      },
      {
        "text": "IHC",
        "alias": "materias",
        "meta": "@materias",
        "userDefined": false
      }
    ],
    "isTemplate": false,
    "count": 0,
    "updated": 1508553854
  },
  {
    "id": "438e2566-484f-4580-a9ed-379438d2abae",
    "data": [
      {
        "text": "falta na matéria de",
        "alias": "possoFaltar",
        "meta": "@possoFaltar",
        "userDefined": true
      }
    ],
    "isTemplate": false,
    "count": 0,
    "updated": 1508502121
  },
  {
    "id": "9a83e300-0f65-4207-be30-2b63ab25f0a0",
    "data": [
      {
        "text": "quantas faltas tenho em",
        "alias": "faltasMateria",
        "meta": "@faltasMateria",
        "userDefined": false
      }
    ],
    "isTemplate": false,
    "count": 2,
    "updated": 0
  },
  {
    "id": "8aae3566-b9dc-498f-8b96-b434302d716e",
    "data": [
      {
        "text": "quantas faltas tenho ",
        "userDefined": false
      },
      {
        "text": "na matéria",
        "alias": "faltasMateria",
        "meta": "@faltasMateria",
        "userDefined": false
      },
      {
        "text": " de",
        "userDefined": false
      }
    ],
    "isTemplate": false,
    "count": 0,
    "updated": 0
  },
  {
    "id": "b56fc4df-ee2e-45bc-a0fc-fca3d7e2f621",
    "data": [
      {
        "text": "faltas em",
        "alias": "faltasMateria",
        "meta": "@faltasMateria",
        "userDefined": false
      }
    ],
    "isTemplate": false,
    "count": 0,
    "updated": 0
  },
  {
    "id": "4d529017-af20-4c1d-910e-d432292b2ce7",
    "data": [
      {
        "text": "quero ver ",
        "userDefined": false
      },
      {
        "text": "faltas específicas",
        "alias": "faltasMateria",
        "meta": "@faltasMateria",
        "userDefined": true
      }
    ],
    "isTemplate": false,
    "count": 0,
    "updated": 0
  }
]