[
  {
    "id": "e841b0e8-c886-457a-8286-1a78030b9b5b",
    "data": [
      {
        "text": "quantas vezes eu ainda posso faltar",
        "alias": "faltasTotal",
        "meta": "@faltasTotal",
        "userDefined": true
      },
      {
        "text": " ?",
        "userDefined": false
      }
    ],
    "isTemplate": false,
    "count": 0,
    "updated": 1509155092
  },
  {
    "id": "3ec9fe33-7168-4717-88b7-27e6e61034b2",
    "data": [
      {
        "text": "necessíto ver ",
        "userDefined": false
      },
      {
        "text": "todas as faltas",
        "alias": "faltasTotal",
        "meta": "@faltasTotal",
        "userDefined": false
      },
      {
        "text": ". Urgente",
        "userDefined": false
      }
    ],
    "isTemplate": false,
    "count": 0,
    "updated": 1508599481
  },
  {
    "id": "67b2d000-9325-4784-8ea3-d0830d926bff",
    "data": [
      {
        "text": "falta em todas",
        "alias": "faltasTotal",
        "meta": "@faltasTotal",
        "userDefined": true
      },
      {
        "text": " as matérias",
        "userDefined": false
      }
    ],
    "isTemplate": false,
    "count": 0,
    "updated": 1508599481
  },
  {
    "id": "6d2c0154-05a3-434e-bc2b-02fa1192769f",
    "data": [
      {
        "text": "quero ver ",
        "userDefined": false
      },
      {
        "text": "todas as faltas",
        "alias": "faltasTotal",
        "meta": "@faltasTotal",
        "userDefined": false
      }
    ],
    "isTemplate": false,
    "count": 0,
    "updated": 1508599481
  },
  {
    "id": "8fe28708-362d-45a4-af22-0f0614bdd7a5",
    "data": [
      {
        "text": "ver ",
        "userDefined": false
      },
      {
        "text": "todas as faltas",
        "alias": "faltasTotal",
        "meta": "@faltasTotal",
        "userDefined": false
      }
    ],
    "isTemplate": false,
    "count": 0,
    "updated": 1508599481
  },
  {
    "id": "ab62fc00-cdcf-411a-87a8-84eeaab4e3f9",
    "data": [
      {
        "text": "todas as minhas faltas",
        "alias": "faltasTotal",
        "meta": "@faltasTotal",
        "userDefined": true
      }
    ],
    "isTemplate": false,
    "count": 1,
    "updated": 1508599291
  },
  {
    "id": "09084576-b713-4c23-ae0b-59266b289419",
    "data": [
      {
        "text": "total de faltas",
        "alias": "faltasTotal",
        "meta": "@faltasTotal",
        "userDefined": false
      }
    ],
    "isTemplate": false,
    "count": 0,
    "updated": 0
  },
  {
    "id": "36c7317a-9de9-4a67-aeaa-9fd847cfd30b",
    "data": [
      {
        "text": "meu ",
        "userDefined": false
      },
      {
        "text": "total de faltas",
        "alias": "faltasTotal",
        "meta": "@faltasTotal",
        "userDefined": false
      }
    ],
    "isTemplate": false,
    "count": 0,
    "updated": 1508599291
  },
  {
    "id": "31169ec5-a72e-4c16-94d3-07ba8160b7c7",
    "data": [
      {
        "text": "quantidade ",
        "userDefined": false
      },
      {
        "text": "total de faltas",
        "alias": "faltasTotal",
        "meta": "@faltasTotal",
        "userDefined": false
      }
    ],
    "isTemplate": false,
    "count": 1,
    "updated": 0
  },
  {
    "id": "bfaf99d2-3bce-4ab3-bdff-943e6093eefb",
    "data": [
      {
        "text": "mostra ",
        "userDefined": false
      },
      {
        "text": "todas as faltas",
        "alias": "faltasTotal",
        "meta": "@faltasTotal",
        "userDefined": false
      },
      {
        "text": " ai",
        "userDefined": false
      }
    ],
    "isTemplate": false,
    "count": 0,
    "updated": 1508599481
  },
  {
    "id": "37bc186f-b6bb-4547-adba-93dc0df90267",
    "data": [
      {
        "text": "todas as faltas",
        "alias": "faltasTotal",
        "meta": "@faltasTotal",
        "userDefined": true
      }
    ],
    "isTemplate": false,
    "count": 0,
    "updated": 0
  },
  {
    "id": "0d7f6f6e-dbc3-4d0f-9a1e-5d34b178863a",
    "data": [
      {
        "text": "quantas faltas tenho no total",
        "alias": "faltasTotal",
        "meta": "@faltasTotal",
        "userDefined": false
      },
      {
        "text": " ?",
        "userDefined": false
      }
    ],
    "isTemplate": false,
    "count": 0,
    "updated": 0
  }
]