[
  {
    "id": "bf802d09-2951-4670-b0c3-1494129acf7a",
    "data": [
      {
        "text": "quantas faltas tenho",
        "alias": "faltasTotal",
        "meta": "@faltasTotal",
        "userDefined": true
      },
      {
        "text": " nas matérias de hoje ?",
        "userDefined": false
      }
    ],
    "isTemplate": false,
    "count": 0
  },
  {
    "id": "71f5828f-a985-4504-af36-7cf317f0f26b",
    "data": [
      {
        "text": "ferias",
        "alias": "faltasTotal",
        "meta": "@faltasTotal",
        "userDefined": true
      },
      {
        "text": " essa ",
        "userDefined": false
      },
      {
        "text": "semana",
        "alias": "faltasTotal",
        "meta": "@faltasTotal",
        "userDefined": true
      },
      {
        "text": ", pode ser  ?",
        "userDefined": false
      }
    ],
    "isTemplate": false,
    "count": 1
  },
  {
    "id": "697636f2-1044-40ad-ae91-ca4de0ebf267",
    "data": [
      {
        "text": "vou ",
        "userDefined": false
      },
      {
        "text": "emendar",
        "alias": "faltasTotal",
        "meta": "@faltasTotal",
        "userDefined": true
      },
      {
        "text": " a ",
        "userDefined": false
      },
      {
        "text": "feriadão",
        "alias": "datasDeEventos",
        "meta": "@datasDeEventos",
        "userDefined": true
      }
    ],
    "isTemplate": false,
    "count": 0
  },
  {
    "id": "01bf2e3c-9a01-4177-839f-c2fc4027b899",
    "data": [
      {
        "text": "vou ",
        "userDefined": false
      },
      {
        "text": "faltar a semana toda",
        "alias": "faltasTotal",
        "meta": "@faltasTotal",
        "userDefined": true
      }
    ],
    "isTemplate": false,
    "count": 0
  },
  {
    "id": "f0c69b96-3044-4a96-868e-042d86d82644",
    "data": [
      {
        "text": "quantas vezes eu ainda posso faltar",
        "alias": "faltasTotal",
        "meta": "@faltasTotal",
        "userDefined": true
      },
      {
        "text": " ?",
        "userDefined": false
      }
    ],
    "isTemplate": false,
    "count": 0,
    "updated": 1509155092
  },
  {
    "id": "5cfd088d-bc70-4bf1-bd2c-b177939df70f",
    "data": [
      {
        "text": "mostra ",
        "userDefined": false
      },
      {
        "text": "todas as faltas",
        "alias": "faltasTotal",
        "meta": "@faltasTotal",
        "userDefined": false
      },
      {
        "text": " ai",
        "userDefined": false
      }
    ],
    "isTemplate": false,
    "count": 0,
    "updated": 1508599481
  },
  {
    "id": "39b614de-f911-43c2-82dd-48bbe41a8539",
    "data": [
      {
        "text": "falta",
        "alias": "faltasTotal",
        "meta": "@faltasTotal",
        "userDefined": true
      },
      {
        "text": " em ",
        "userDefined": false
      },
      {
        "text": "todas",
        "alias": "faltasTotal",
        "meta": "@faltasTotal",
        "userDefined": true
      },
      {
        "text": " as matérias",
        "userDefined": false
      }
    ],
    "isTemplate": false,
    "count": 0,
    "updated": 1508599481
  },
  {
    "id": "55b4d0e6-68ad-404b-ae71-c76acd1cb519",
    "data": [
      {
        "text": "meu ",
        "userDefined": false
      },
      {
        "text": "total",
        "alias": "faltasTotal",
        "meta": "@faltasTotal",
        "userDefined": true
      },
      {
        "text": " de ",
        "userDefined": false
      },
      {
        "text": "faltas",
        "alias": "faltasTotal",
        "meta": "@faltasTotal",
        "userDefined": true
      }
    ],
    "isTemplate": false,
    "count": 0,
    "updated": 1508599291
  },
  {
    "id": "ef6e9b1a-3868-406e-82d4-1e38b7c8b9bc",
    "data": [
      {
        "text": "quero ver ",
        "userDefined": false
      },
      {
        "text": "todas",
        "alias": "faltasTotal",
        "meta": "@faltasTotal",
        "userDefined": true
      },
      {
        "text": " as ",
        "userDefined": false
      },
      {
        "text": "faltas",
        "alias": "faltasTotal",
        "meta": "@faltasTotal",
        "userDefined": true
      }
    ],
    "isTemplate": false,
    "count": 0,
    "updated": 1508599481
  },
  {
    "id": "aa53773d-afe1-49cf-973c-d5373bc439da",
    "data": [
      {
        "text": "ver ",
        "userDefined": false
      },
      {
        "text": "todas",
        "alias": "faltasTotal",
        "meta": "@faltasTotal",
        "userDefined": true
      },
      {
        "text": " as ",
        "userDefined": false
      },
      {
        "text": "faltas",
        "alias": "faltasTotal",
        "meta": "@faltasTotal",
        "userDefined": true
      }
    ],
    "isTemplate": false,
    "count": 0,
    "updated": 1508599481
  },
  {
    "id": "b843195d-8881-45bc-a7ac-845cad035978",
    "data": [
      {
        "text": "total de faltas",
        "alias": "faltasTotal",
        "meta": "@faltasTotal",
        "userDefined": false
      }
    ],
    "isTemplate": false,
    "count": 0,
    "updated": 0
  },
  {
    "id": "9c45f48e-ac16-4d49-b39b-3e5a9a23b5f8",
    "data": [
      {
        "text": "todas as faltas",
        "alias": "faltasTotal",
        "meta": "@faltasTotal",
        "userDefined": true
      }
    ],
    "isTemplate": false,
    "count": 0,
    "updated": 0
  },
  {
    "id": "b0aec321-222a-4d6f-943f-da7d441f4416",
    "data": [
      {
        "text": "necessíto ver ",
        "userDefined": false
      },
      {
        "text": "todas as faltas",
        "alias": "faltasTotal",
        "meta": "@faltasTotal",
        "userDefined": false
      },
      {
        "text": ". Urgente",
        "userDefined": false
      }
    ],
    "isTemplate": false,
    "count": 0,
    "updated": 1508599481
  },
  {
    "id": "088f4d16-d8a2-4aef-bf3f-818453e40257",
    "data": [
      {
        "text": "todas",
        "alias": "faltasTotal",
        "meta": "@faltasTotal",
        "userDefined": true
      },
      {
        "text": " as minhas ",
        "userDefined": false
      },
      {
        "text": "faltas",
        "alias": "faltasTotal",
        "meta": "@faltasTotal",
        "userDefined": true
      }
    ],
    "isTemplate": false,
    "count": 1,
    "updated": 1508599291
  },
  {
    "id": "072f0927-cddf-4a49-9b43-5391880b83f3",
    "data": [
      {
        "text": "quantas",
        "alias": "faltasTotal",
        "meta": "@faltasTotal",
        "userDefined": true
      },
      {
        "text": " ",
        "userDefined": false
      },
      {
        "text": "faltas",
        "alias": "faltasTotal",
        "meta": "@faltasTotal",
        "userDefined": true
      },
      {
        "text": " tenho no ",
        "userDefined": false
      },
      {
        "text": "total",
        "alias": "faltasTotal",
        "meta": "@faltasTotal",
        "userDefined": true
      },
      {
        "text": " ?",
        "userDefined": false
      }
    ],
    "isTemplate": false,
    "count": 0,
    "updated": 0
  }
]