[
  {
    "id": "31169ec5-a72e-4c16-94d3-07ba8160b7c7",
    "data": [
      {
        "text": "quantidade ",
        "userDefined": false
      },
      {
        "text": "total de faltas",
        "alias": "faltasTotal",
        "meta": "@faltasTotal",
        "userDefined": false
      }
    ],
    "isTemplate": false,
    "count": 1,
    "updated": 0
  },
  {
    "id": "37bc186f-b6bb-4547-adba-93dc0df90267",
    "data": [
      {
        "text": "todas as faltas",
        "alias": "faltasTotal",
        "meta": "@faltasTotal",
        "userDefined": true
      }
    ],
    "isTemplate": false,
    "count": 0,
    "updated": 0
  },
  {
    "id": "09084576-b713-4c23-ae0b-59266b289419",
    "data": [
      {
        "text": "total de faltas",
        "alias": "faltasTotal",
        "meta": "@faltasTotal",
        "userDefined": false
      }
    ],
    "isTemplate": false,
    "count": 0,
    "updated": 0
  },
  {
    "id": "0d7f6f6e-dbc3-4d0f-9a1e-5d34b178863a",
    "data": [
      {
        "text": "quantas faltas tenho no total",
        "alias": "faltasTotal",
        "meta": "@faltasTotal",
        "userDefined": false
      },
      {
        "text": " ?",
        "userDefined": false
      }
    ],
    "isTemplate": false,
    "count": 0,
    "updated": 0
  }
]