[
  {
    "id": "83012a06-13ff-4019-8a31-833a3237f30c",
    "data": [
      {
        "text": "falta específica",
        "alias": "faltasMateria",
        "meta": "@faltasMateria",
        "userDefined": false
      }
    ],
    "isTemplate": false,
    "count": 1,
    "updated": 1508586030
  },
  {
    "id": "6cf941c2-f59a-4dc2-a3d2-a55e9775f348",
    "data": [
      {
        "text": "faltas específica",
        "userDefined": false
      }
    ],
    "isTemplate": false,
    "count": 1,
    "updated": 1508585965
  },
  {
    "id": "b14dceb8-d318-4e77-ac20-b0a170a873c7",
    "data": [
      {
        "text": "faltas na matéria",
        "alias": "faltasMateria",
        "meta": "@faltasMateria",
        "userDefined": false
      },
      {
        "text": " de",
        "userDefined": false
      }
    ],
    "isTemplate": false,
    "count": 0,
    "updated": 1508585965
  },
  {
    "id": "d9b1a4e1-89e8-4848-8600-5da1e413ac31",
    "data": [
      {
        "text": "ver ",
        "userDefined": false
      },
      {
        "text": "faltas em",
        "alias": "faltasMateria",
        "meta": "@faltasMateria",
        "userDefined": false
      },
      {
        "text": " ",
        "userDefined": false
      },
      {
        "text": "uma",
        "alias": "time",
        "meta": "@sys.time",
        "userDefined": false
      },
      {
        "text": " ",
        "userDefined": false
      },
      {
        "text": "matéria",
        "alias": "materias",
        "meta": "@materias",
        "userDefined": false
      }
    ],
    "isTemplate": false,
    "count": 0,
    "updated": 1508585965
  },
  {
    "id": "fb34ee20-5f16-4e16-87e2-bc902c2e1e6f",
    "data": [
      {
        "text": "faltas em",
        "alias": "faltasMateria",
        "meta": "@faltasMateria",
        "userDefined": false
      },
      {
        "text": " ",
        "userDefined": false
      },
      {
        "text": "uma",
        "alias": "time",
        "meta": "@sys.time",
        "userDefined": false
      },
      {
        "text": " ",
        "userDefined": false
      },
      {
        "text": "matéria",
        "alias": "materias",
        "meta": "@materias",
        "userDefined": false
      }
    ],
    "isTemplate": false,
    "count": 0,
    "updated": 1508585965
  },
  {
    "id": "2be721eb-eeb6-479c-8d43-e5158b0c442f",
    "data": [
      {
        "text": "faltas em",
        "alias": "faltasMateria",
        "meta": "@faltasMateria",
        "userDefined": false
      },
      {
        "text": " ",
        "userDefined": false
      },
      {
        "text": "uma",
        "alias": "time",
        "meta": "@sys.time",
        "userDefined": false
      },
      {
        "text": " ",
        "userDefined": false
      },
      {
        "text": "matéria",
        "alias": "materias",
        "meta": "@materias",
        "userDefined": false
      },
      {
        "text": " específica",
        "userDefined": false
      }
    ],
    "isTemplate": false,
    "count": 0,
    "updated": 1508585965
  },
  {
    "id": "344c07f1-7aa7-425b-ab6f-edfdad414134",
    "data": [
      {
        "text": "Quero ver ",
        "userDefined": false
      },
      {
        "text": "uma",
        "alias": "time",
        "meta": "@sys.time",
        "userDefined": false
      },
      {
        "text": " ",
        "userDefined": false
      },
      {
        "text": "matéria específica",
        "alias": "faltasMateria",
        "meta": "@faltasMateria",
        "userDefined": true
      }
    ],
    "isTemplate": false,
    "count": 0,
    "updated": 1508585965
  }
]