[
  {
    "id": "c6208947-0920-418e-9d23-ae00ed027a96",
    "data": [
      {
        "text": "otario",
        "userDefined": false
      }
    ],
    "isTemplate": false,
    "count": 1
  },
  {
    "id": "64e10497-ab4d-47ac-b355-96c6a2aa3519",
    "data": [
      {
        "text": "otário",
        "userDefined": false
      }
    ],
    "isTemplate": false,
    "count": 0
  },
  {
    "id": "8966844c-c96f-4fb6-912b-ef76ad35d100",
    "data": [
      {
        "text": "vai a merda",
        "userDefined": false
      }
    ],
    "isTemplate": false,
    "count": 0
  },
  {
    "id": "efd352b7-5b83-47c6-a6a1-fcef77a1138a",
    "data": [
      {
        "text": "vai a merda ",
        "userDefined": false
      },
      {
        "text": "bot",
        "alias": "blablabla_Entities",
        "meta": "@blablabla_Entities",
        "userDefined": false
      },
      {
        "text": " chato",
        "userDefined": false
      }
    ],
    "isTemplate": false,
    "count": 0
  },
  {
    "id": "9c5fa978-1b9b-4cce-830d-9d849d482048",
    "data": [
      {
        "text": "anencéfalo",
        "userDefined": false
      }
    ],
    "isTemplate": false,
    "count": 0
  },
  {
    "id": "641716da-459a-4586-a5dc-3815c3d86d52",
    "data": [
      {
        "text": "animal",
        "userDefined": false
      }
    ],
    "isTemplate": false,
    "count": 0
  },
  {
    "id": "bf4ad971-684b-46b1-b541-d799f6031ed5",
    "data": [
      {
        "text": "troxa",
        "userDefined": false
      }
    ],
    "isTemplate": false,
    "count": 0
  },
  {
    "id": "c084a8f3-9f4b-4bc4-8473-3d1220b65f73",
    "data": [
      {
        "text": "trouxa",
        "userDefined": false
      }
    ],
    "isTemplate": false,
    "count": 0
  },
  {
    "id": "e9f4b170-7e7a-48dc-a7e7-9d3ae5bac91d",
    "data": [
      {
        "text": "babaca",
        "userDefined": false
      }
    ],
    "isTemplate": false,
    "count": 0
  },
  {
    "id": "d69073b0-2bb6-4937-ace7-9463ec517f45",
    "data": [
      {
        "text": "panaca",
        "userDefined": false
      }
    ],
    "isTemplate": false,
    "count": 0
  },
  {
    "id": "5bb711f3-951d-465d-a59a-d6dc5703e8a1",
    "data": [
      {
        "text": "você é ",
        "userDefined": false
      },
      {
        "text": "uma",
        "alias": "time",
        "meta": "@sys.time",
        "userDefined": false
      },
      {
        "text": " porcaria, ",
        "userDefined": false
      },
      {
        "text": "bot",
        "alias": "blablabla_Entities",
        "meta": "@blablabla_Entities",
        "userDefined": false
      },
      {
        "text": " imprestável",
        "userDefined": false
      }
    ],
    "isTemplate": false,
    "count": 0
  },
  {
    "id": "1fec6f37-75de-40a4-9cf4-c29714ce80a3",
    "data": [
      {
        "text": "você é ",
        "userDefined": false
      },
      {
        "text": "uma",
        "alias": "time",
        "meta": "@sys.time",
        "userDefined": false
      },
      {
        "text": " porcaria",
        "userDefined": false
      }
    ],
    "isTemplate": false,
    "count": 0
  },
  {
    "id": "6f21308a-7e17-4486-ac18-e53102408a8f",
    "data": [
      {
        "text": "estou ",
        "userDefined": false
      },
      {
        "text": "uma",
        "alias": "time",
        "meta": "@sys.time",
        "userDefined": false
      },
      {
        "text": " porcaria na ",
        "userDefined": false
      },
      {
        "text": "escola",
        "alias": "objectsFatec",
        "meta": "@objectsFatec",
        "userDefined": false
      }
    ],
    "isTemplate": false,
    "count": 0
  },
  {
    "id": "6b406bfb-bbae-4757-b872-961351af52e1",
    "data": [
      {
        "text": "vai ",
        "userDefined": false
      },
      {
        "text": "tomar",
        "alias": "geo-city",
        "meta": "@sys.geo-city",
        "userDefined": false
      },
      {
        "text": " no cu",
        "userDefined": false
      }
    ],
    "isTemplate": false,
    "count": 0
  },
  {
    "id": "57dadb62-c178-4811-b9f4-c51627fdbbe9",
    "data": [
      {
        "text": "imbecil",
        "userDefined": false
      }
    ],
    "isTemplate": false,
    "count": 0
  },
  {
    "id": "8527959d-70e5-4776-9ee6-f675bc83a568",
    "data": [
      {
        "text": "só idiota usa isso",
        "userDefined": false
      }
    ],
    "isTemplate": false,
    "count": 0
  },
  {
    "id": "814b8ff9-9271-43c6-abbd-da1d07ab1103",
    "data": [
      {
        "text": "filho da puta",
        "userDefined": false
      }
    ],
    "isTemplate": false,
    "count": 0
  },
  {
    "id": "a7c74326-80b3-4efa-80c8-bb15bd3ecbb0",
    "data": [
      {
        "text": "fdp",
        "userDefined": false
      }
    ],
    "isTemplate": false,
    "count": 0
  },
  {
    "id": "7f5f61b1-bee9-4bd3-b6be-0be195cc2165",
    "data": [
      {
        "text": "escroto",
        "userDefined": false
      }
    ],
    "isTemplate": false,
    "count": 0
  },
  {
    "id": "86115337-e1df-4f13-b232-52c970359bc2",
    "data": [
      {
        "text": "robo",
        "alias": "blablabla_Entities",
        "meta": "@blablabla_Entities",
        "userDefined": false
      },
      {
        "text": " burro",
        "userDefined": false
      }
    ],
    "isTemplate": false,
    "count": 0
  },
  {
    "id": "58e40f55-4866-42db-9dc8-2683c3034ad7",
    "data": [
      {
        "text": "lixo",
        "userDefined": false
      }
    ],
    "isTemplate": false,
    "count": 0
  }
]