[
  {
    "id": "a5ca124d-2964-44ce-bc9e-3ed75db048fa",
    "data": [
      {
        "text": "estou perdendo tempo ?",
        "userDefined": false
      }
    ],
    "isTemplate": false,
    "count": 1
  },
  {
    "id": "72c3fa4f-4fb0-426f-8413-9456c2f5c24a",
    "data": [
      {
        "text": "você perde tempo aqui ?",
        "userDefined": false
      }
    ],
    "isTemplate": false,
    "count": 0
  },
  {
    "id": "2d508db8-2bad-4011-b7ad-6af337f5ccad",
    "data": [
      {
        "text": "entende sobre tempo ?",
        "userDefined": false
      }
    ],
    "isTemplate": false,
    "count": 0
  },
  {
    "id": "287f17e5-5feb-4150-be2f-dedbfd94260a",
    "data": [
      {
        "text": "o que você sabe sobre o tempo ?",
        "userDefined": false
      }
    ],
    "isTemplate": false,
    "count": 0
  },
  {
    "id": "51870039-edab-476a-a049-bebc67ba2e69",
    "data": [
      {
        "text": "caramba, já estamos ",
        "userDefined": false
      },
      {
        "text": "em setembro",
        "alias": "date",
        "meta": "@sys.date",
        "userDefined": false
      }
    ],
    "isTemplate": false,
    "count": 0
  },
  {
    "id": "e3a2ddf1-fcbd-483a-b9a6-738b2473cef5",
    "data": [
      {
        "text": "ando muito sem tempo",
        "userDefined": false
      }
    ],
    "isTemplate": false,
    "count": 0
  },
  {
    "id": "58bc2723-b7df-46ad-8b5c-5b15b1c40458",
    "data": [
      {
        "text": "o tempo é algo estranho",
        "userDefined": false
      }
    ],
    "isTemplate": false,
    "count": 0
  },
  {
    "id": "906e808f-63b3-449c-9bbd-e453f9e87f1a",
    "data": [
      {
        "text": "como o tempo voa",
        "userDefined": false
      }
    ],
    "isTemplate": false,
    "count": 0
  },
  {
    "id": "d429032c-aced-47c1-8c74-46886852e18d",
    "data": [
      {
        "text": "o tempo passa muito rápido",
        "userDefined": false
      }
    ],
    "isTemplate": false,
    "count": 0
  }
]