[
  {
    "id": "c27a2f7b-83ee-4c67-a296-b2a978501ce5",
    "data": [
      {
        "text": "o que você aprende na ",
        "userDefined": false
      },
      {
        "text": "faculdade",
        "alias": "objectsFatec",
        "meta": "@objectsFatec",
        "userDefined": true
      },
      {
        "text": " é o suficiente ?",
        "userDefined": false
      }
    ],
    "isTemplate": false,
    "count": 0
  },
  {
    "id": "4f440208-db9a-482d-a8cb-6c9b7ddcef2b",
    "data": [
      {
        "text": "o que você acha da ",
        "userDefined": false
      },
      {
        "text": "faculdade",
        "alias": "objectsFatec",
        "meta": "@objectsFatec",
        "userDefined": false
      },
      {
        "text": " ?",
        "userDefined": false
      }
    ],
    "isTemplate": false,
    "count": 0
  },
  {
    "id": "028ffe7f-e309-41eb-aeaa-b8bc6e98a3ba",
    "data": [
      {
        "text": "a ",
        "userDefined": false
      },
      {
        "text": "faculdade",
        "alias": "objectsFatec",
        "meta": "@objectsFatec",
        "userDefined": false
      },
      {
        "text": " é ruim",
        "userDefined": false
      }
    ],
    "isTemplate": false,
    "count": 0,
    "updated": 1510762912
  },
  {
    "id": "13f3b580-e2b0-46b3-8761-5bd1a21bab53",
    "data": [
      {
        "text": "a ",
        "userDefined": false
      },
      {
        "text": "faculdade",
        "alias": "objectsFatec",
        "meta": "@objectsFatec",
        "userDefined": false
      },
      {
        "text": " é ",
        "userDefined": false
      },
      {
        "text": "um",
        "alias": "time",
        "meta": "@sys.time",
        "userDefined": false
      },
      {
        "text": " lugar bastante chato e ruim",
        "userDefined": false
      }
    ],
    "isTemplate": false,
    "count": 0,
    "updated": 1510762912
  }
]