[
  {
    "id": "7f5087e2-7fca-49bb-b07f-da889832ed94",
    "data": [
      {
        "text": "vamos falar sobre o futuro",
        "userDefined": false
      }
    ],
    "isTemplate": false,
    "count": 1
  },
  {
    "id": "d75329f4-ad4d-4e0b-b74c-b89df1e836c1",
    "data": [
      {
        "text": "vamos falar sobre o futuro ?",
        "userDefined": false
      }
    ],
    "isTemplate": false,
    "count": 0
  },
  {
    "id": "f628c75b-1a84-41e6-921e-53469162463e",
    "data": [
      {
        "text": "famos falar sobre o tempo ?",
        "userDefined": false
      }
    ],
    "isTemplate": false,
    "count": 0
  },
  {
    "id": "fd129d04-3b08-4e31-bded-e657abe484ac",
    "data": [
      {
        "text": "isso é muito triste",
        "userDefined": false
      }
    ],
    "isTemplate": false,
    "count": 0
  },
  {
    "id": "c403fed7-65fc-40d2-bf52-e1e4cedd6802",
    "data": [
      {
        "text": "bot de ",
        "userDefined": false
      },
      {
        "text": "escola",
        "alias": "objectsFatec",
        "meta": "@objectsFatec",
        "userDefined": false
      },
      {
        "text": " é muito ruim",
        "userDefined": false
      }
    ],
    "isTemplate": false,
    "count": 0
  },
  {
    "id": "23b3318e-06a4-4972-bd19-84df31853b3e",
    "data": [
      {
        "text": "seu inutil",
        "userDefined": false
      }
    ],
    "isTemplate": false,
    "count": 0
  },
  {
    "id": "168be892-ca03-45d0-944d-22d9ddcd9356",
    "data": [
      {
        "text": "você é chato",
        "userDefined": false
      }
    ],
    "isTemplate": false,
    "count": 0
  },
  {
    "id": "88dff3fb-c281-4dc5-87ea-92da1f8ab163",
    "data": [
      {
        "text": "Você sabe fazer algo que ",
        "userDefined": false
      },
      {
        "text": "não",
        "alias": "naoQuero",
        "meta": "@naoQuero",
        "userDefined": false
      },
      {
        "text": " seja ver notas ?",
        "userDefined": false
      }
    ],
    "isTemplate": false,
    "count": 0
  },
  {
    "id": "f0dbf48f-9dc0-452a-8d5d-bb90d1a06833",
    "data": [
      {
        "text": "acho que quero divagar",
        "userDefined": false
      }
    ],
    "isTemplate": false,
    "count": 1
  },
  {
    "id": "400cf9aa-f96d-44b7-957b-38a71e8d57cb",
    "data": [
      {
        "text": "vamos falar sobre resposabilidade ?",
        "userDefined": false
      }
    ],
    "isTemplate": false,
    "count": 0
  },
  {
    "id": "664970c7-521c-4d05-9edf-6b8d74a8df17",
    "data": [
      {
        "text": "vamos falar sobre ",
        "userDefined": false
      },
      {
        "text": "responsabilidade",
        "alias": "diversos_assuntos",
        "meta": "@diversos_assuntos",
        "userDefined": true
      },
      {
        "text": " ?",
        "userDefined": false
      }
    ],
    "isTemplate": false,
    "count": 0
  },
  {
    "id": "78a15dce-9f52-4e41-a691-5561c32ff354",
    "data": [
      {
        "text": "quer ser ",
        "userDefined": false
      },
      {
        "text": "um",
        "alias": "time",
        "meta": "@sys.time",
        "userDefined": false
      },
      {
        "text": " pouco mais legal ?",
        "userDefined": false
      }
    ],
    "isTemplate": false,
    "count": 1
  },
  {
    "id": "7f126c52-574e-46f1-bc86-c4e3ae18f956",
    "data": [
      {
        "text": "vamos ser ",
        "userDefined": false
      },
      {
        "text": "um",
        "alias": "time",
        "meta": "@sys.time",
        "userDefined": false
      },
      {
        "text": " pouco aleatórios",
        "userDefined": false
      }
    ],
    "isTemplate": false,
    "count": 0
  },
  {
    "id": "f093ef14-3b70-42e7-b8d3-daa32d073968",
    "data": [
      {
        "text": "vamos falar de ",
        "userDefined": false
      },
      {
        "text": "aleatoriedades",
        "alias": "diversos_assuntos",
        "meta": "@diversos_assuntos",
        "userDefined": true
      }
    ],
    "isTemplate": false,
    "count": 0
  },
  {
    "id": "5221c959-9e7e-4a66-80bb-8b7ea1ed2cfb",
    "data": [
      {
        "text": "sem interesse",
        "userDefined": false
      }
    ],
    "isTemplate": false,
    "count": 0
  },
  {
    "id": "b6a4f00f-c746-446c-93b8-66fab8bd3145",
    "data": [
      {
        "text": "Muitos ",
        "userDefined": false
      },
      {
        "text": "assuntos",
        "alias": "diversos_assuntos",
        "meta": "@diversos_assuntos",
        "userDefined": true
      },
      {
        "text": " que ",
        "userDefined": false
      },
      {
        "text": "não",
        "alias": "naoQuero",
        "meta": "@naoQuero",
        "userDefined": false
      },
      {
        "text": " são de meu ",
        "userDefined": false
      },
      {
        "text": "interesse",
        "alias": "diversos_assuntos",
        "meta": "@diversos_assuntos",
        "userDefined": true
      }
    ],
    "isTemplate": false,
    "count": 0
  },
  {
    "id": "b666e41f-c7b3-4fad-9659-70b3dd7124c6",
    "data": [
      {
        "text": "podemos falar de outro ",
        "userDefined": false
      },
      {
        "text": "assunto",
        "alias": "diversos_assuntos",
        "meta": "@diversos_assuntos",
        "userDefined": true
      },
      {
        "text": " ?",
        "userDefined": false
      }
    ],
    "isTemplate": false,
    "count": 0
  },
  {
    "id": "11a6dcda-bb21-4c70-a852-0d10463357aa",
    "data": [
      {
        "text": "Não quero",
        "alias": "naoQuero",
        "meta": "@naoQuero",
        "userDefined": false
      },
      {
        "text": " tratar disso agora",
        "userDefined": false
      }
    ],
    "isTemplate": false,
    "count": 0
  },
  {
    "id": "7554b83d-4f7b-4d44-a883-6ca994af0473",
    "data": [
      {
        "text": "Não quero",
        "alias": "naoQuero",
        "meta": "@naoQuero",
        "userDefined": false
      },
      {
        "text": " falar sobre esses conteúdos",
        "userDefined": false
      }
    ],
    "isTemplate": false,
    "count": 0
  }
]