[
  {
    "id": "e1f7a01a-db4a-48d4-b774-8a08fc41972d",
    "data": [
      {
        "text": "quero acabar logo a ",
        "userDefined": false
      },
      {
        "text": "faculdade",
        "alias": "objectsFatec",
        "meta": "@objectsFatec",
        "userDefined": false
      }
    ],
    "isTemplate": false,
    "count": 1
  },
  {
    "id": "07edef83-bec2-4e5b-b63a-2792eccfec14",
    "data": [
      {
        "text": "porcaria de ",
        "userDefined": false
      },
      {
        "text": "faculdade",
        "alias": "objectsFatec",
        "meta": "@objectsFatec",
        "userDefined": false
      }
    ],
    "isTemplate": false,
    "count": 0
  },
  {
    "id": "20cf193a-32cc-4ce7-b833-f391616f4c5d",
    "data": [
      {
        "text": "mds",
        "alias": "abreviacoes_entities",
        "meta": "@abreviacoes_entities",
        "userDefined": true
      },
      {
        "text": " a facultdade é horrível",
        "userDefined": false
      }
    ],
    "isTemplate": false,
    "count": 0
  },
  {
    "id": "de8d52fc-2583-457f-840d-260bda07c1d7",
    "data": [
      {
        "text": "é preciso ",
        "userDefined": false
      },
      {
        "text": "faculdade",
        "alias": "objectsFatec",
        "meta": "@objectsFatec",
        "userDefined": false
      },
      {
        "text": " ?",
        "userDefined": false
      }
    ],
    "isTemplate": false,
    "count": 0
  },
  {
    "id": "ed84d616-fd95-4c86-8a99-14b9a605e3fe",
    "data": [
      {
        "text": "o que você aprende na ",
        "userDefined": false
      },
      {
        "text": "faculdade",
        "alias": "objectsFatec",
        "meta": "@objectsFatec",
        "userDefined": true
      },
      {
        "text": " é o suficiente ?",
        "userDefined": false
      }
    ],
    "isTemplate": false,
    "count": 0
  },
  {
    "id": "8c5c5ab7-2df6-4d07-941d-3eac6cd363ce",
    "data": [
      {
        "text": "o que você acha da ",
        "userDefined": false
      },
      {
        "text": "faculdade",
        "alias": "objectsFatec",
        "meta": "@objectsFatec",
        "userDefined": false
      },
      {
        "text": " ?",
        "userDefined": false
      }
    ],
    "isTemplate": false,
    "count": 0
  },
  {
    "id": "0a1a3f4b-6442-4329-b53a-811ca7460497",
    "data": [
      {
        "text": "a ",
        "userDefined": false
      },
      {
        "text": "faculdade",
        "alias": "objectsFatec",
        "meta": "@objectsFatec",
        "userDefined": false
      },
      {
        "text": " é ruim",
        "userDefined": false
      }
    ],
    "isTemplate": false,
    "count": 0,
    "updated": 1510762912
  },
  {
    "id": "3294a671-d69f-4715-b02f-1c1c88f5118f",
    "data": [
      {
        "text": "a ",
        "userDefined": false
      },
      {
        "text": "faculdade",
        "alias": "objectsFatec",
        "meta": "@objectsFatec",
        "userDefined": false
      },
      {
        "text": " é ",
        "userDefined": false
      },
      {
        "text": "um",
        "alias": "time",
        "meta": "@sys.time",
        "userDefined": false
      },
      {
        "text": " lugar bastante chato e ruim",
        "userDefined": false
      }
    ],
    "isTemplate": false,
    "count": 0,
    "updated": 1510762912
  }
]