[
  {
    "id": "c3af60fd-e8a7-4728-9e7d-f993842f8351",
    "data": [
      {
        "text": "acho que quero divagar",
        "userDefined": false
      }
    ],
    "isTemplate": false,
    "count": 1
  },
  {
    "id": "da750229-9e47-4a44-8581-64bbc4d06dfb",
    "data": [
      {
        "text": "vamos falar sobre resposabilidade ?",
        "userDefined": false
      }
    ],
    "isTemplate": false,
    "count": 0
  },
  {
    "id": "c0a308f8-5271-46f7-8165-d337195ea39a",
    "data": [
      {
        "text": "vamos falar sobre ",
        "userDefined": false
      },
      {
        "text": "responsabilidade",
        "alias": "diversos_assuntos",
        "meta": "@diversos_assuntos",
        "userDefined": true
      },
      {
        "text": " ?",
        "userDefined": false
      }
    ],
    "isTemplate": false,
    "count": 0
  },
  {
    "id": "bb9c69e0-c055-4ba4-81fe-90cfcc1b3388",
    "data": [
      {
        "text": "quer ser ",
        "userDefined": false
      },
      {
        "text": "um",
        "alias": "time",
        "meta": "@sys.time",
        "userDefined": false
      },
      {
        "text": " pouco mais legal ?",
        "userDefined": false
      }
    ],
    "isTemplate": false,
    "count": 1
  },
  {
    "id": "39d915b7-f7b3-4750-ae1c-436cdaaabc43",
    "data": [
      {
        "text": "vamos ser ",
        "userDefined": false
      },
      {
        "text": "um",
        "alias": "time",
        "meta": "@sys.time",
        "userDefined": false
      },
      {
        "text": " pouco aleatórios",
        "userDefined": false
      }
    ],
    "isTemplate": false,
    "count": 0
  },
  {
    "id": "cd1daf11-99a4-484f-a173-9d4395558000",
    "data": [
      {
        "text": "vamos falar de ",
        "userDefined": false
      },
      {
        "text": "aleatoriedades",
        "alias": "diversos_assuntos",
        "meta": "@diversos_assuntos",
        "userDefined": true
      }
    ],
    "isTemplate": false,
    "count": 0
  },
  {
    "id": "b9c55df1-6262-4dca-935f-d4e6108ac671",
    "data": [
      {
        "text": "sem interesse",
        "userDefined": false
      }
    ],
    "isTemplate": false,
    "count": 0
  },
  {
    "id": "33692e98-b860-4159-97e3-7f07df0d8df3",
    "data": [
      {
        "text": "Muitos ",
        "userDefined": false
      },
      {
        "text": "assuntos",
        "alias": "diversos_assuntos",
        "meta": "@diversos_assuntos",
        "userDefined": true
      },
      {
        "text": " que ",
        "userDefined": false
      },
      {
        "text": "não",
        "alias": "naoQuero",
        "meta": "@naoQuero",
        "userDefined": false
      },
      {
        "text": " são de meu ",
        "userDefined": false
      },
      {
        "text": "interesse",
        "alias": "diversos_assuntos",
        "meta": "@diversos_assuntos",
        "userDefined": true
      }
    ],
    "isTemplate": false,
    "count": 0
  },
  {
    "id": "bc08d791-71c9-491a-9d65-05bddd9dfb48",
    "data": [
      {
        "text": "podemos falar de outro ",
        "userDefined": false
      },
      {
        "text": "assunto",
        "alias": "diversos_assuntos",
        "meta": "@diversos_assuntos",
        "userDefined": true
      },
      {
        "text": " ?",
        "userDefined": false
      }
    ],
    "isTemplate": false,
    "count": 0
  },
  {
    "id": "0af030fa-4dcf-438e-95b6-7fb539539a30",
    "data": [
      {
        "text": "Não quero",
        "alias": "naoQuero",
        "meta": "@naoQuero",
        "userDefined": false
      },
      {
        "text": " tratar disso agora",
        "userDefined": false
      }
    ],
    "isTemplate": false,
    "count": 0
  },
  {
    "id": "688c911a-8866-41f9-89d2-e7d1b4921e21",
    "data": [
      {
        "text": "Não quero",
        "alias": "naoQuero",
        "meta": "@naoQuero",
        "userDefined": false
      },
      {
        "text": " falar sobre esses conteúdos",
        "userDefined": false
      }
    ],
    "isTemplate": false,
    "count": 0
  }
]