[
  {
    "id": "21d53345-4c0f-46bd-ae18-046bedaacfae",
    "data": [
      {
        "text": "Você nem é tão inteligente assim",
        "userDefined": false
      }
    ],
    "isTemplate": false,
    "count": 0
  },
  {
    "id": "dae86dbe-c860-4561-bdc0-1a6ea56c6b67",
    "data": [
      {
        "text": "você ",
        "userDefined": false
      },
      {
        "text": "mora",
        "alias": "geo-city",
        "meta": "@sys.geo-city",
        "userDefined": false
      },
      {
        "text": " no Brasil ?",
        "userDefined": false
      }
    ],
    "isTemplate": false,
    "count": 0
  },
  {
    "id": "53acb182-7cec-4d21-9d4a-774c69afd3b3",
    "data": [
      {
        "text": "o que acha da politica ?",
        "userDefined": false
      }
    ],
    "isTemplate": false,
    "count": 0
  },
  {
    "id": "cd1a3f07-0f33-4c67-991b-1bf8175e4729",
    "data": [
      {
        "text": "você ",
        "userDefined": false
      },
      {
        "text": "ter",
        "alias": "date",
        "meta": "@sys.date",
        "userDefined": false
      },
      {
        "text": " partido político ?",
        "userDefined": false
      }
    ],
    "isTemplate": false,
    "count": 0
  },
  {
    "id": "22a4b890-d27d-4219-a1bf-7f689d68aaf6",
    "data": [
      {
        "text": "a terra é plana ?",
        "userDefined": false
      }
    ],
    "isTemplate": false,
    "count": 0
  },
  {
    "id": "4284c532-32f6-4e63-8816-48dda04b455d",
    "data": [
      {
        "text": "a terra é plana",
        "userDefined": false
      }
    ],
    "isTemplate": false,
    "count": 0
  },
  {
    "id": "b87f5dde-17e7-4cb0-a721-6759c6ec833b",
    "data": [
      {
        "text": "não",
        "alias": "naoQuero",
        "meta": "@naoQuero",
        "userDefined": false
      },
      {
        "text": " sei mais o que dizer",
        "userDefined": false
      }
    ],
    "isTemplate": false,
    "count": 0
  },
  {
    "id": "311721bf-5a54-4f27-9aba-1809e8ad6b2e",
    "data": [
      {
        "text": "bla bla bla",
        "userDefined": false
      }
    ],
    "isTemplate": false,
    "count": 0
  },
  {
    "id": "858e426b-cb13-4b16-b8c3-4c35d230dc4c",
    "data": [
      {
        "text": "você é ",
        "userDefined": false
      },
      {
        "text": "um",
        "alias": "time",
        "meta": "@sys.time",
        "userDefined": false
      },
      {
        "text": " ",
        "userDefined": false
      },
      {
        "text": "robô",
        "alias": "blablabla_Entities",
        "meta": "@blablabla_Entities",
        "userDefined": true
      },
      {
        "text": " ?",
        "userDefined": false
      }
    ],
    "isTemplate": false,
    "count": 0
  },
  {
    "id": "5eb48dde-e70b-4e5a-8ca0-a36eaa3e134b",
    "data": [
      {
        "text": "você é ",
        "userDefined": false
      },
      {
        "text": "um",
        "alias": "time",
        "meta": "@sys.time",
        "userDefined": false
      },
      {
        "text": " ",
        "userDefined": false
      },
      {
        "text": "robo",
        "alias": "blablabla_Entities",
        "meta": "@blablabla_Entities",
        "userDefined": true
      },
      {
        "text": " ?",
        "userDefined": false
      }
    ],
    "isTemplate": false,
    "count": 1
  },
  {
    "id": "3242031c-b091-4b63-a316-94738c0035d1",
    "data": [
      {
        "text": "o que você sabe sobre a terra ?",
        "userDefined": false
      }
    ],
    "isTemplate": false,
    "count": 0
  },
  {
    "id": "4b1c1d52-1230-46bb-ae3e-fc46bb177020",
    "data": [
      {
        "text": "qual sentido da vida ?",
        "userDefined": false
      }
    ],
    "isTemplate": false,
    "count": 0
  },
  {
    "id": "54be7d8f-5f0d-497f-9276-af34917b2da4",
    "data": [
      {
        "text": "você é ",
        "userDefined": false
      },
      {
        "text": "feliz",
        "alias": "geo-city",
        "meta": "@sys.geo-city",
        "userDefined": false
      }
    ],
    "isTemplate": false,
    "count": 0
  }
]