[
  {
    "id": "dced3c6e-6c0b-426a-856f-33b1db9264b2",
    "data": [
      {
        "text": "sair",
        "userDefined": false
      }
    ],
    "isTemplate": false,
    "count": 1,
    "updated": 0
  },
  {
    "id": "3b7328bb-22ac-48b9-94d8-0c92e6a333f2",
    "data": [
      {
        "text": "sair daqui",
        "userDefined": false
      }
    ],
    "isTemplate": false,
    "count": 0,
    "updated": 0
  },
  {
    "id": "8acdd818-62e0-4bf3-a67e-a3d1cb4ddee2",
    "data": [
      {
        "text": "quero ver outra informação",
        "userDefined": false
      }
    ],
    "isTemplate": false,
    "count": 0,
    "updated": 0
  },
  {
    "id": "1437526d-1da5-4f71-ace8-089666d77853",
    "data": [
      {
        "text": "agora não",
        "userDefined": false
      }
    ],
    "isTemplate": false,
    "count": 0,
    "updated": 0
  },
  {
    "id": "70f76fd8-bc46-4983-80e0-021b7e14dac0",
    "data": [
      {
        "text": "not",
        "userDefined": false
      }
    ],
    "isTemplate": false,
    "count": 0,
    "updated": 0
  },
  {
    "id": "07659c9c-5e1a-45d1-b7c0-41c13b97464b",
    "data": [
      {
        "text": "nope",
        "userDefined": false
      }
    ],
    "isTemplate": false,
    "count": 0,
    "updated": 0
  },
  {
    "id": "075c3716-f021-4e6b-9ba1-f95031218873",
    "data": [
      {
        "text": "não",
        "userDefined": false
      }
    ],
    "isTemplate": false,
    "count": 1,
    "updated": 0
  },
  {
    "id": "fac02bda-e4b6-4b48-b5b0-ffc7f523dc16",
    "data": [
      {
        "text": "nao",
        "userDefined": false
      }
    ],
    "isTemplate": false,
    "count": 2,
    "updated": 0
  }
]