[
  {
    "id": "f46bf806-44c6-4e5f-abab-819b4dcbf1be",
    "data": [
      {
        "text": "nothing",
        "alias": "naoQuero",
        "meta": "@naoQuero",
        "userDefined": true
      }
    ],
    "isTemplate": false,
    "count": 0
  },
  {
    "id": "950f7893-990a-42bd-9874-5fe41244c0dd",
    "data": [
      {
        "text": "none",
        "alias": "naoQuero",
        "meta": "@naoQuero",
        "userDefined": true
      }
    ],
    "isTemplate": false,
    "count": 0
  },
  {
    "id": "d8ff2e71-7c2e-4b8a-b248-dcf8d0cb9c94",
    "data": [
      {
        "text": "nope",
        "alias": "naoQuero",
        "meta": "@naoQuero",
        "userDefined": true
      }
    ],
    "isTemplate": false,
    "count": 0,
    "updated": 0
  },
  {
    "id": "4ace1377-1c44-4431-a8ef-e6a77d4c8b5b",
    "data": [
      {
        "text": "deixa",
        "alias": "naoQuero",
        "meta": "@naoQuero",
        "userDefined": true
      },
      {
        "text": " queto",
        "userDefined": false
      }
    ],
    "isTemplate": false,
    "count": 1
  },
  {
    "id": "7ef94fc8-ba22-47d3-9d7c-fb9f3bb108f4",
    "data": [
      {
        "text": "to ",
        "userDefined": false
      },
      {
        "text": "nem",
        "alias": "naoQuero",
        "meta": "@naoQuero",
        "userDefined": true
      },
      {
        "text": " ",
        "userDefined": false
      },
      {
        "text": "ai",
        "alias": "naoQuero",
        "meta": "@naoQuero",
        "userDefined": true
      },
      {
        "text": " agora",
        "userDefined": false
      }
    ],
    "isTemplate": false,
    "count": 0,
    "updated": 1508598778
  },
  {
    "id": "e87e7fdf-5bd1-4c2a-b82a-d53a0d6b493b",
    "data": [
      {
        "text": "deixa",
        "alias": "naoQuero",
        "meta": "@naoQuero",
        "userDefined": true
      },
      {
        "text": " para ",
        "userDefined": false
      },
      {
        "text": "depois",
        "alias": "naoQuero",
        "meta": "@naoQuero",
        "userDefined": true
      }
    ],
    "isTemplate": false,
    "count": 0,
    "updated": 1508598778
  },
  {
    "id": "61bb0bd4-eed1-4ed4-ad5f-2f24aa96539d",
    "data": [
      {
        "text": "nem",
        "alias": "naoQuero",
        "meta": "@naoQuero",
        "userDefined": true
      }
    ],
    "isTemplate": false,
    "count": 0,
    "updated": 1508598778
  },
  {
    "id": "63cc8526-338e-4e8a-ae34-61466de24840",
    "data": [
      {
        "text": "nem quero",
        "alias": "naoQuero",
        "meta": "@naoQuero",
        "userDefined": true
      }
    ],
    "isTemplate": false,
    "count": 0,
    "updated": 1508598778
  },
  {
    "id": "092cc96d-e15a-4d3b-bfd6-5f97a5de0aec",
    "data": [
      {
        "text": "sair",
        "alias": "naoQuero",
        "meta": "@naoQuero",
        "userDefined": true
      }
    ],
    "isTemplate": false,
    "count": 1,
    "updated": 0
  },
  {
    "id": "a362309e-bc2c-49dc-80fa-80770be6dbf9",
    "data": [
      {
        "text": "sair daqui",
        "userDefined": false
      }
    ],
    "isTemplate": false,
    "count": 0,
    "updated": 0
  },
  {
    "id": "24768eb8-6df2-4c10-9608-3bcf2f40a7d5",
    "data": [
      {
        "text": "agora",
        "alias": "date-time",
        "meta": "@sys.date-time",
        "userDefined": true
      },
      {
        "text": " ",
        "userDefined": false
      },
      {
        "text": "não",
        "alias": "naoQuero",
        "meta": "@naoQuero",
        "userDefined": true
      }
    ],
    "isTemplate": false,
    "count": 0,
    "updated": 0
  },
  {
    "id": "496df391-dc1d-46bd-a478-65a5ea0c2b85",
    "data": [
      {
        "text": "not",
        "alias": "naoQuero",
        "meta": "@naoQuero",
        "userDefined": true
      }
    ],
    "isTemplate": false,
    "count": 1,
    "updated": 0
  },
  {
    "id": "73816522-1621-457e-ad54-247217621960",
    "data": [
      {
        "text": "não",
        "userDefined": false
      }
    ],
    "isTemplate": false,
    "count": 1,
    "updated": 0
  },
  {
    "id": "6f1501e4-2740-4538-b20c-d51e43be4d5d",
    "data": [
      {
        "text": "nao",
        "userDefined": false
      }
    ],
    "isTemplate": false,
    "count": 2,
    "updated": 0
  }
]