[
  {
    "id": "1437526d-1da5-4f71-ace8-089666d77853",
    "data": [
      {
        "text": "agora não",
        "alias": "naoQuero",
        "meta": "@naoQuero",
        "userDefined": true
      }
    ],
    "isTemplate": false,
    "count": 0,
    "updated": 0
  },
  {
    "id": "f9e53a3a-9936-474f-92b7-3ee76d8d6030",
    "data": [
      {
        "text": "deixa para depois",
        "alias": "naoQuero",
        "meta": "@naoQuero",
        "userDefined": true
      }
    ],
    "isTemplate": false,
    "count": 0,
    "updated": 1508598778
  },
  {
    "id": "81f33cab-736f-4352-b705-76f045859292",
    "data": [
      {
        "text": "nem",
        "userDefined": false
      }
    ],
    "isTemplate": false,
    "count": 0,
    "updated": 1508598778
  },
  {
    "id": "075c3716-f021-4e6b-9ba1-f95031218873",
    "data": [
      {
        "text": "não",
        "userDefined": false
      }
    ],
    "isTemplate": false,
    "count": 1,
    "updated": 0
  },
  {
    "id": "fac02bda-e4b6-4b48-b5b0-ffc7f523dc16",
    "data": [
      {
        "text": "nao",
        "userDefined": false
      }
    ],
    "isTemplate": false,
    "count": 2,
    "updated": 0
  },
  {
    "id": "07659c9c-5e1a-45d1-b7c0-41c13b97464b",
    "data": [
      {
        "text": "nope",
        "alias": "naoQuero",
        "meta": "@naoQuero",
        "userDefined": true
      }
    ],
    "isTemplate": false,
    "count": 0,
    "updated": 0
  },
  {
    "id": "8acdd818-62e0-4bf3-a67e-a3d1cb4ddee2",
    "data": [
      {
        "text": "quero ver outra informação",
        "userDefined": false
      }
    ],
    "isTemplate": false,
    "count": 0,
    "updated": 0
  },
  {
    "id": "2e9f75c0-1aac-464c-8056-cea515654093",
    "data": [
      {
        "text": "to nem ai agora",
        "userDefined": false
      }
    ],
    "isTemplate": false,
    "count": 0,
    "updated": 1508598778
  },
  {
    "id": "58e3a088-2366-4bfa-b10b-dc96334abe48",
    "data": [
      {
        "text": "nem quero",
        "alias": "naoQuero",
        "meta": "@naoQuero",
        "userDefined": true
      }
    ],
    "isTemplate": false,
    "count": 0,
    "updated": 1508598778
  },
  {
    "id": "3b7328bb-22ac-48b9-94d8-0c92e6a333f2",
    "data": [
      {
        "text": "sair daqui",
        "userDefined": false
      }
    ],
    "isTemplate": false,
    "count": 0,
    "updated": 0
  },
  {
    "id": "dced3c6e-6c0b-426a-856f-33b1db9264b2",
    "data": [
      {
        "text": "sair",
        "userDefined": false
      }
    ],
    "isTemplate": false,
    "count": 1,
    "updated": 0
  },
  {
    "id": "70f76fd8-bc46-4983-80e0-021b7e14dac0",
    "data": [
      {
        "text": "not",
        "alias": "naoQuero",
        "meta": "@naoQuero",
        "userDefined": true
      }
    ],
    "isTemplate": false,
    "count": 0,
    "updated": 0
  }
]