[
  {
    "id": "cfcab03d-a280-4b68-87a6-2d0c4973dadd",
    "data": [
      {
        "text": "não vou",
        "alias": "possoFaltar",
        "meta": "@possoFaltar",
        "userDefined": true
      }
    ],
    "isTemplate": false,
    "count": 0
  },
  {
    "id": "31f5980a-b509-496a-bd1d-40f9efe2a647",
    "data": [
      {
        "text": "como ",
        "userDefined": false
      },
      {
        "text": "estão",
        "alias": "possoFaltar",
        "meta": "@possoFaltar",
        "userDefined": true
      },
      {
        "text": " minhas ",
        "userDefined": false
      },
      {
        "text": "faltas",
        "alias": "possoFaltar",
        "meta": "@possoFaltar",
        "userDefined": true
      },
      {
        "text": " ?",
        "userDefined": false
      }
    ],
    "isTemplate": false,
    "count": 1
  },
  {
    "id": "ed571d8c-f2b5-4b5c-aeb0-8111ca1a64a6",
    "data": [
      {
        "text": "posso ",
        "userDefined": false
      },
      {
        "text": "faltar",
        "alias": "possoFaltar",
        "meta": "@possoFaltar",
        "userDefined": false
      },
      {
        "text": " ",
        "userDefined": false
      },
      {
        "text": "hoje",
        "alias": "date",
        "meta": "@sys.date",
        "userDefined": false
      },
      {
        "text": " ?",
        "userDefined": false
      }
    ],
    "isTemplate": false,
    "count": 0
  },
  {
    "id": "7df9acb7-8b47-4fe0-b6b0-03477dd06a9f",
    "data": [
      {
        "text": "posso ",
        "userDefined": false
      },
      {
        "text": "faltar",
        "alias": "possoFaltar",
        "meta": "@possoFaltar",
        "userDefined": false
      },
      {
        "text": " ?",
        "userDefined": false
      }
    ],
    "isTemplate": false,
    "count": 0
  },
  {
    "id": "2173eeaf-0092-44f5-b485-9e47a6fbb089",
    "data": [
      {
        "text": "não vou",
        "alias": "possoFaltar",
        "meta": "@possoFaltar",
        "userDefined": true
      }
    ],
    "isTemplate": false,
    "count": 0,
    "updated": 1509154731
  },
  {
    "id": "bbf756dc-af26-4b8a-880e-a619d34bef4a",
    "data": [
      {
        "text": "nada",
        "alias": "possoFaltar",
        "meta": "@possoFaltar",
        "userDefined": true
      },
      {
        "text": " de ",
        "userDefined": false
      },
      {
        "text": "ir",
        "alias": "possoFaltar",
        "meta": "@possoFaltar",
        "userDefined": true
      },
      {
        "text": " para a ",
        "userDefined": false
      },
      {
        "text": "escola",
        "alias": "objectsFatec",
        "meta": "@objectsFatec",
        "userDefined": true
      }
    ],
    "isTemplate": false,
    "count": 1,
    "updated": 1509107175
  },
  {
    "id": "9e39764d-2300-4b07-9a96-45a2f19764e9",
    "data": [
      {
        "text": "estou passando mal, ",
        "userDefined": false
      },
      {
        "text": "posso",
        "alias": "possoFaltar",
        "meta": "@possoFaltar",
        "userDefined": true
      },
      {
        "text": " ",
        "userDefined": false
      },
      {
        "text": "faltar",
        "alias": "possoFaltar",
        "meta": "@possoFaltar",
        "userDefined": true
      },
      {
        "text": " hoje ?",
        "userDefined": false
      }
    ],
    "isTemplate": false,
    "count": 0,
    "updated": 1509107146
  },
  {
    "id": "93851a7b-52d3-442e-a8fe-35503c2d8841",
    "data": [
      {
        "text": "vou",
        "alias": "possoFaltar",
        "meta": "@possoFaltar",
        "userDefined": true
      },
      {
        "text": " ",
        "userDefined": false
      },
      {
        "text": "faltar",
        "alias": "possoFaltar",
        "meta": "@possoFaltar",
        "userDefined": false
      },
      {
        "text": " ",
        "userDefined": false
      },
      {
        "text": "hoje",
        "alias": "date",
        "meta": "@sys.date",
        "userDefined": false
      },
      {
        "text": ", ok ?",
        "userDefined": false
      }
    ],
    "isTemplate": false,
    "count": 1,
    "updated": 1508501278
  },
  {
    "id": "840d43ab-9f36-4d5e-b2b4-040d83a2b826",
    "data": [
      {
        "text": "devo ",
        "userDefined": false
      },
      {
        "text": "faltar",
        "alias": "possoFaltar",
        "meta": "@possoFaltar",
        "userDefined": false
      },
      {
        "text": " ",
        "userDefined": false
      },
      {
        "text": "hoje",
        "alias": "date",
        "meta": "@sys.date",
        "userDefined": false
      },
      {
        "text": " ?",
        "userDefined": false
      }
    ],
    "isTemplate": false,
    "count": 0,
    "updated": 1508599602
  },
  {
    "id": "4257e5e1-ee5b-4b04-8a0c-ab8078b646d9",
    "data": [
      {
        "text": "não",
        "alias": "possoFaltar",
        "meta": "@possoFaltar",
        "userDefined": true
      },
      {
        "text": " quero ",
        "userDefined": false
      },
      {
        "text": "ir",
        "alias": "possoFaltar",
        "meta": "@possoFaltar",
        "userDefined": true
      },
      {
        "text": " ",
        "userDefined": false
      },
      {
        "text": "hoje",
        "alias": "date",
        "meta": "@sys.date",
        "userDefined": false
      },
      {
        "text": "! Posso ",
        "userDefined": false
      },
      {
        "text": "ficar",
        "alias": "possoFaltar",
        "meta": "@possoFaltar",
        "userDefined": true
      },
      {
        "text": " em ",
        "userDefined": false
      },
      {
        "text": "casa",
        "alias": "possoFaltar",
        "meta": "@possoFaltar",
        "userDefined": true
      },
      {
        "text": " ?",
        "userDefined": false
      }
    ],
    "isTemplate": false,
    "count": 1,
    "updated": 1508464177
  },
  {
    "id": "693241ad-a209-4caf-bbe4-544f3531e2cb",
    "data": [
      {
        "text": "vou",
        "alias": "possoFaltar",
        "meta": "@possoFaltar",
        "userDefined": true
      },
      {
        "text": " ",
        "userDefined": false
      },
      {
        "text": "faltar",
        "alias": "possoFaltar",
        "meta": "@possoFaltar",
        "userDefined": false
      },
      {
        "text": ", ok ?",
        "userDefined": false
      }
    ],
    "isTemplate": false,
    "count": 0,
    "updated": 1508464237
  },
  {
    "id": "665bd16a-e15f-48ce-a029-a4dc7803a6b4",
    "data": [
      {
        "text": "vale faltar hoje",
        "alias": "possoFaltar",
        "meta": "@possoFaltar",
        "userDefined": true
      },
      {
        "text": " ?",
        "userDefined": false
      }
    ],
    "isTemplate": false,
    "count": 0,
    "updated": 1509105989
  },
  {
    "id": "669de6d2-731e-4812-8b27-28231ea53d95",
    "data": [
      {
        "text": "não",
        "alias": "possoFaltar",
        "meta": "@possoFaltar",
        "userDefined": true
      },
      {
        "text": " ",
        "userDefined": false
      },
      {
        "text": "vou",
        "alias": "possoFaltar",
        "meta": "@possoFaltar",
        "userDefined": true
      },
      {
        "text": " hoje ?",
        "userDefined": false
      }
    ],
    "isTemplate": false,
    "count": 0,
    "updated": 1509105909
  },
  {
    "id": "e3a4027a-a60f-4b3d-8af0-0d5f388d2d7d",
    "data": [
      {
        "text": "não",
        "alias": "possoFaltar",
        "meta": "@possoFaltar",
        "userDefined": true
      },
      {
        "text": " quero ",
        "userDefined": false
      },
      {
        "text": "ir",
        "alias": "possoFaltar",
        "meta": "@possoFaltar",
        "userDefined": true
      },
      {
        "text": " hoje, o que acha ?",
        "userDefined": false
      }
    ],
    "isTemplate": false,
    "count": 0,
    "updated": 1509108501
  },
  {
    "id": "a04aec69-4ed0-4457-9715-bbfbe47390ba",
    "data": [
      {
        "text": "minha presença na",
        "alias": "possoFaltar",
        "meta": "@possoFaltar",
        "userDefined": true
      },
      {
        "text": " escola ",
        "userDefined": false
      },
      {
        "text": "é importante ?",
        "alias": "possoFaltar",
        "meta": "@possoFaltar",
        "userDefined": true
      }
    ],
    "isTemplate": false,
    "count": 0,
    "updated": 1509108055
  },
  {
    "id": "6f1c423e-4561-4819-9e71-c72c76d4a283",
    "data": [
      {
        "text": "devo ir hoje ?",
        "alias": "possoFaltar",
        "meta": "@possoFaltar",
        "userDefined": true
      }
    ],
    "isTemplate": false,
    "count": 1,
    "updated": 1508464237
  },
  {
    "id": "7da22e9a-5795-4e1f-a358-5c364301cbe8",
    "data": [
      {
        "text": "posso ",
        "userDefined": false
      },
      {
        "text": "faltar",
        "alias": "possoFaltar",
        "meta": "@possoFaltar",
        "userDefined": false
      }
    ],
    "isTemplate": false,
    "count": 0,
    "updated": 1508599602
  },
  {
    "id": "ba8e500c-1ea6-4889-8493-8409036ad59a",
    "data": [
      {
        "text": "posso ",
        "userDefined": false
      },
      {
        "text": "faltar",
        "alias": "possoFaltar",
        "meta": "@possoFaltar",
        "userDefined": false
      },
      {
        "text": " ?",
        "userDefined": false
      }
    ],
    "isTemplate": false,
    "count": 1,
    "updated": 1508501278
  },
  {
    "id": "6396cce9-22e3-40c1-8423-114427089712",
    "data": [
      {
        "text": "é bom eu ",
        "userDefined": false
      },
      {
        "text": "ir",
        "alias": "possoFaltar",
        "meta": "@possoFaltar",
        "userDefined": true
      },
      {
        "text": " hoje para a ",
        "userDefined": false
      },
      {
        "text": "faculdade",
        "alias": "possoFaltar",
        "meta": "@possoFaltar",
        "userDefined": true
      },
      {
        "text": " ?",
        "userDefined": false
      }
    ],
    "isTemplate": false,
    "count": 1,
    "updated": 1508599602
  },
  {
    "id": "dfe4f8a3-de4c-4370-8cfd-e3de6c34c9c3",
    "data": [
      {
        "text": "sem essa de escola hoje",
        "alias": "possoFaltar",
        "meta": "@possoFaltar",
        "userDefined": true
      },
      {
        "text": ", valeu !",
        "userDefined": false
      }
    ],
    "isTemplate": false,
    "count": 0,
    "updated": 1509106638
  },
  {
    "id": "ef8ef854-62ee-43c6-a1d3-b134a0ca316f",
    "data": [
      {
        "text": "Posso ",
        "userDefined": false
      },
      {
        "text": "faltar",
        "alias": "possoFaltar",
        "meta": "@possoFaltar",
        "userDefined": false
      },
      {
        "text": " ",
        "userDefined": false
      },
      {
        "text": "hoje",
        "alias": "date",
        "meta": "@sys.date",
        "userDefined": false
      },
      {
        "text": " ?",
        "userDefined": false
      }
    ],
    "isTemplate": false,
    "count": 1,
    "updated": 0
  },
  {
    "id": "790240ba-f3ec-48da-860a-4558ce17835c",
    "data": [
      {
        "text": "posso",
        "alias": "possoFaltar",
        "meta": "@possoFaltar",
        "userDefined": true
      },
      {
        "text": " ",
        "userDefined": false
      },
      {
        "text": "faltar",
        "alias": "possoFaltar",
        "meta": "@possoFaltar",
        "userDefined": false
      },
      {
        "text": " ",
        "userDefined": false
      },
      {
        "text": "hoje",
        "alias": "date",
        "meta": "@sys.date",
        "userDefined": false
      },
      {
        "text": " ?",
        "userDefined": false
      }
    ],
    "isTemplate": false,
    "count": 0,
    "updated": 1508599602
  }
]