[
  {
    "id": "26f09174-cfd2-45ce-ad71-55fd571b299c",
    "data": [
      {
        "text": "não vou",
        "alias": "possoFaltar",
        "meta": "@possoFaltar",
        "userDefined": true
      }
    ],
    "isTemplate": false,
    "count": 0,
    "updated": 1509154731
  },
  {
    "id": "3aa27cd4-06c0-4158-a9f2-c07889638318",
    "data": [
      {
        "text": "não quero ir hoje, o que acha ?",
        "alias": "possoFaltar",
        "meta": "@possoFaltar",
        "userDefined": true
      }
    ],
    "isTemplate": false,
    "count": 0,
    "updated": 1509108501
  },
  {
    "id": "1aa3524d-145f-4b32-a5c2-b1e6dd92a49b",
    "data": [
      {
        "text": "minha presença na",
        "alias": "possoFaltar",
        "meta": "@possoFaltar",
        "userDefined": true
      },
      {
        "text": " escola ",
        "userDefined": false
      },
      {
        "text": "é importante ?",
        "alias": "possoFaltar",
        "meta": "@possoFaltar",
        "userDefined": true
      }
    ],
    "isTemplate": false,
    "count": 0,
    "updated": 1509108055
  },
  {
    "id": "fb55f51c-9273-4df1-8f94-c873b9ef2ae2",
    "data": [
      {
        "text": "nada de ir para a escola",
        "alias": "possoFaltar",
        "meta": "@possoFaltar",
        "userDefined": true
      }
    ],
    "isTemplate": false,
    "count": 1,
    "updated": 1509107175
  },
  {
    "id": "bcf8365c-6b5c-49b8-82a6-6e1f6332d6ad",
    "data": [
      {
        "text": "estou passando mal, ",
        "userDefined": false
      },
      {
        "text": "posso faltar hoje",
        "alias": "possoFaltar",
        "meta": "@possoFaltar",
        "userDefined": true
      },
      {
        "text": " ?",
        "userDefined": false
      }
    ],
    "isTemplate": false,
    "count": 0,
    "updated": 1509107146
  },
  {
    "id": "cce2e95c-8fbd-4145-bbc3-fb9d72d50be3",
    "data": [
      {
        "text": "sem essa de escola hoje",
        "alias": "possoFaltar",
        "meta": "@possoFaltar",
        "userDefined": true
      },
      {
        "text": ", valeu !",
        "userDefined": false
      }
    ],
    "isTemplate": false,
    "count": 0,
    "updated": 1509106638
  },
  {
    "id": "271978ae-937d-4453-9072-fbb4546c858e",
    "data": [
      {
        "text": "vale faltar hoje",
        "alias": "possoFaltar",
        "meta": "@possoFaltar",
        "userDefined": true
      },
      {
        "text": " ?",
        "userDefined": false
      }
    ],
    "isTemplate": false,
    "count": 0,
    "updated": 1509105989
  },
  {
    "id": "3847d89b-d964-46b0-9173-22782ba658bd",
    "data": [
      {
        "text": "não vou hoje",
        "alias": "possoFaltar",
        "meta": "@possoFaltar",
        "userDefined": true
      },
      {
        "text": " ?",
        "userDefined": false
      }
    ],
    "isTemplate": false,
    "count": 0,
    "updated": 1509105909
  },
  {
    "id": "fbff727d-93e5-4ae4-b322-6144475085eb",
    "data": [
      {
        "text": "é bom eu ir hoje para a faculdade ?",
        "alias": "possoFaltar",
        "meta": "@possoFaltar",
        "userDefined": true
      }
    ],
    "isTemplate": false,
    "count": 1,
    "updated": 1508599602
  },
  {
    "id": "dfce0f81-4f9b-44e4-9fcb-977e87206873",
    "data": [
      {
        "text": "não quero ir",
        "alias": "possoFaltar",
        "meta": "@possoFaltar",
        "userDefined": true
      },
      {
        "text": " ",
        "userDefined": false
      },
      {
        "text": "hoje",
        "alias": "date",
        "meta": "@sys.date",
        "userDefined": false
      },
      {
        "text": "! ",
        "userDefined": false
      },
      {
        "text": "Posso ficar em casa ?",
        "alias": "possoFaltar",
        "meta": "@possoFaltar",
        "userDefined": true
      }
    ],
    "isTemplate": false,
    "count": 1,
    "updated": 1508464177
  },
  {
    "id": "16080066-5d76-48eb-96a5-cab89e991b73",
    "data": [
      {
        "text": "como estão minhas faltas ? Estou ",
        "userDefined": false
      },
      {
        "text": "pensando em faltar",
        "alias": "possoFaltar",
        "meta": "@possoFaltar",
        "userDefined": true
      },
      {
        "text": " ",
        "userDefined": false
      },
      {
        "text": "hoje",
        "alias": "date",
        "meta": "@sys.date",
        "userDefined": false
      }
    ],
    "isTemplate": false,
    "count": 1,
    "updated": 1508599602
  },
  {
    "id": "3d01db5b-5947-4693-a1ce-c83c03fb27b2",
    "data": [
      {
        "text": "posso ",
        "userDefined": false
      },
      {
        "text": "faltar",
        "alias": "possoFaltar",
        "meta": "@possoFaltar",
        "userDefined": false
      },
      {
        "text": " ?",
        "userDefined": false
      }
    ],
    "isTemplate": false,
    "count": 1,
    "updated": 1508501278
  },
  {
    "id": "5b64f732-eecf-45ad-8598-5619d75265f0",
    "data": [
      {
        "text": "Posso ",
        "userDefined": false
      },
      {
        "text": "faltar",
        "alias": "possoFaltar",
        "meta": "@possoFaltar",
        "userDefined": false
      },
      {
        "text": " ",
        "userDefined": false
      },
      {
        "text": "hoje",
        "alias": "date",
        "meta": "@sys.date",
        "userDefined": false
      },
      {
        "text": " ?",
        "userDefined": false
      }
    ],
    "isTemplate": false,
    "count": 1,
    "updated": 0
  },
  {
    "id": "dc0178ec-05d9-4671-985b-c8ff133760aa",
    "data": [
      {
        "text": "vou ",
        "userDefined": false
      },
      {
        "text": "faltar",
        "alias": "possoFaltar",
        "meta": "@possoFaltar",
        "userDefined": false
      },
      {
        "text": " ",
        "userDefined": false
      },
      {
        "text": "hoje",
        "alias": "date",
        "meta": "@sys.date",
        "userDefined": false
      },
      {
        "text": ", ok ?",
        "userDefined": false
      }
    ],
    "isTemplate": false,
    "count": 1,
    "updated": 1508501278
  },
  {
    "id": "03fadf04-d87d-49f4-b3b6-32d980999495",
    "data": [
      {
        "text": "devo ",
        "userDefined": false
      },
      {
        "text": "faltar",
        "alias": "possoFaltar",
        "meta": "@possoFaltar",
        "userDefined": false
      },
      {
        "text": " ",
        "userDefined": false
      },
      {
        "text": "hoje",
        "alias": "date",
        "meta": "@sys.date",
        "userDefined": false
      },
      {
        "text": " ?",
        "userDefined": false
      }
    ],
    "isTemplate": false,
    "count": 0,
    "updated": 1508599602
  },
  {
    "id": "e4453625-ddbf-4d23-85e3-700a2297e4aa",
    "data": [
      {
        "text": "devo ir hoje ?",
        "alias": "possoFaltar",
        "meta": "@possoFaltar",
        "userDefined": true
      }
    ],
    "isTemplate": false,
    "count": 1,
    "updated": 1508464237
  },
  {
    "id": "00122284-35fc-4814-8a63-cb09d480e87f",
    "data": [
      {
        "text": "posso ",
        "userDefined": false
      },
      {
        "text": "faltar",
        "alias": "possoFaltar",
        "meta": "@possoFaltar",
        "userDefined": false
      }
    ],
    "isTemplate": false,
    "count": 0,
    "updated": 1508599602
  },
  {
    "id": "3c2cc13a-2cc6-4568-bffe-dd452c0e0859",
    "data": [
      {
        "text": "vou",
        "alias": "possoFaltar",
        "meta": "@possoFaltar",
        "userDefined": true
      },
      {
        "text": " ",
        "userDefined": false
      },
      {
        "text": "faltar",
        "alias": "possoFaltar",
        "meta": "@possoFaltar",
        "userDefined": false
      },
      {
        "text": ", ok ?",
        "userDefined": false
      }
    ],
    "isTemplate": false,
    "count": 0,
    "updated": 1508464237
  },
  {
    "id": "12115375-a0fd-4d48-8335-b34c2a06f26a",
    "data": [
      {
        "text": "posso ",
        "userDefined": false
      },
      {
        "text": "faltar",
        "alias": "possoFaltar",
        "meta": "@possoFaltar",
        "userDefined": false
      },
      {
        "text": " ",
        "userDefined": false
      },
      {
        "text": "hoje",
        "alias": "date",
        "meta": "@sys.date",
        "userDefined": false
      },
      {
        "text": " ?",
        "userDefined": false
      }
    ],
    "isTemplate": false,
    "count": 0,
    "updated": 1508599602
  }
]