[
  {
    "id": "dc0178ec-05d9-4671-985b-c8ff133760aa",
    "data": [
      {
        "text": "vou ",
        "userDefined": false
      },
      {
        "text": "faltar",
        "alias": "possoFaltar",
        "meta": "@possoFaltar",
        "userDefined": false
      },
      {
        "text": " ",
        "userDefined": false
      },
      {
        "text": "hoje",
        "alias": "date",
        "meta": "@sys.date",
        "userDefined": false
      },
      {
        "text": ", ok ?",
        "userDefined": false
      }
    ],
    "isTemplate": false,
    "count": 0,
    "updated": 1508501278
  },
  {
    "id": "3d01db5b-5947-4693-a1ce-c83c03fb27b2",
    "data": [
      {
        "text": "posso ",
        "userDefined": false
      },
      {
        "text": "faltar",
        "alias": "possoFaltar",
        "meta": "@possoFaltar",
        "userDefined": false
      },
      {
        "text": " ?",
        "userDefined": false
      }
    ],
    "isTemplate": false,
    "count": 1,
    "updated": 1508501278
  },
  {
    "id": "e4453625-ddbf-4d23-85e3-700a2297e4aa",
    "data": [
      {
        "text": "devo ir ",
        "userDefined": false
      },
      {
        "text": "hoje",
        "alias": "date",
        "meta": "@sys.date",
        "userDefined": false
      },
      {
        "text": " ?",
        "userDefined": false
      }
    ],
    "isTemplate": false,
    "count": 1,
    "updated": 1508464237
  },
  {
    "id": "3c2cc13a-2cc6-4568-bffe-dd452c0e0859",
    "data": [
      {
        "text": "vou",
        "alias": "possoFaltar",
        "meta": "@possoFaltar",
        "userDefined": true
      },
      {
        "text": " ",
        "userDefined": false
      },
      {
        "text": "faltar",
        "alias": "possoFaltar",
        "meta": "@possoFaltar",
        "userDefined": false
      },
      {
        "text": ", ok ?",
        "userDefined": false
      }
    ],
    "isTemplate": false,
    "count": 0,
    "updated": 1508464237
  },
  {
    "id": "dfce0f81-4f9b-44e4-9fcb-977e87206873",
    "data": [
      {
        "text": "não quero ir",
        "alias": "possoFaltar",
        "meta": "@possoFaltar",
        "userDefined": true
      },
      {
        "text": " ",
        "userDefined": false
      },
      {
        "text": "hoje",
        "alias": "date",
        "meta": "@sys.date",
        "userDefined": false
      },
      {
        "text": "! ",
        "userDefined": false
      },
      {
        "text": "Posso ficar em casa ?",
        "alias": "possoFaltar",
        "meta": "@possoFaltar",
        "userDefined": true
      }
    ],
    "isTemplate": false,
    "count": 1,
    "updated": 1508464177
  },
  {
    "id": "5b64f732-eecf-45ad-8598-5619d75265f0",
    "data": [
      {
        "text": "Posso ",
        "userDefined": false
      },
      {
        "text": "faltar",
        "alias": "possoFaltar",
        "meta": "@possoFaltar",
        "userDefined": false
      },
      {
        "text": " ",
        "userDefined": false
      },
      {
        "text": "hoje",
        "alias": "date",
        "meta": "@sys.date",
        "userDefined": false
      },
      {
        "text": " ?",
        "userDefined": false
      }
    ],
    "isTemplate": false,
    "count": 1,
    "updated": 0
  }
]