[
  {
    "id": "a0f71d5b-5b54-47c6-b285-4065c53c0543",
    "data": [
      {
        "text": "recomeçar",
        "userDefined": false
      }
    ],
    "isTemplate": false,
    "count": 0,
    "updated": 1511056044
  },
  {
    "id": "466d0987-4758-4e78-8f16-2b4f8e7300aa",
    "data": [
      {
        "text": "/reset",
        "userDefined": false
      }
    ],
    "isTemplate": false,
    "count": 0,
    "updated": 1511056044
  },
  {
    "id": "fe4a2b7f-e966-4e69-a997-18f4de0f56d2",
    "data": [
      {
        "text": "começar novamente",
        "userDefined": false
      }
    ],
    "isTemplate": false,
    "count": 0,
    "updated": 1511056044
  },
  {
    "id": "0f73fab5-4368-4021-af7a-f8b774ec318f",
    "data": [
      {
        "text": "reiniciar",
        "userDefined": false
      }
    ],
    "isTemplate": false,
    "count": 0,
    "updated": 1511056044
  },
  {
    "id": "c5df7cbb-d2de-4288-bc2e-a58fb961a347",
    "data": [
      {
        "text": "reset",
        "userDefined": false
      }
    ],
    "isTemplate": false,
    "count": 0,
    "updated": 1511056044
  },
  {
    "id": "c5b19535-042e-4f61-946d-3cb7c114e6ca",
    "data": [
      {
        "text": "resetar",
        "userDefined": false
      }
    ],
    "isTemplate": false,
    "count": 0,
    "updated": 1511056044
  }
]