[
  {
    "id": "dc392407-f70a-4c9c-9a24-775bd5f0d1da",
    "data": [
      {
        "text": "sim sim",
        "alias": "euQuero",
        "meta": "@euQuero",
        "userDefined": true
      }
    ],
    "isTemplate": false,
    "count": 0,
    "updated": 1508599086
  },
  {
    "id": "d3e20f1b-19ec-4b49-ab64-b5fd526ec3b4",
    "data": [
      {
        "text": "Yep",
        "userDefined": false
      }
    ],
    "isTemplate": false,
    "count": 3,
    "updated": 1508589850
  },
  {
    "id": "51023441-9df6-49f9-af4b-235c41ac8cd1",
    "data": [
      {
        "text": "yes",
        "alias": "euQuero",
        "meta": "@euQuero",
        "userDefined": true
      }
    ],
    "isTemplate": false,
    "count": 1,
    "updated": 1508599086
  },
  {
    "id": "0d425e08-0e22-48ab-bc5e-e38643d351e4",
    "data": [
      {
        "text": "sim",
        "userDefined": false
      }
    ],
    "isTemplate": false,
    "count": 0,
    "updated": 1508589850
  },
  {
    "id": "fb4e4a64-af5d-4606-9d20-d5a54f6bd16d",
    "data": [
      {
        "text": "outra ",
        "userDefined": false
      },
      {
        "text": "matéria",
        "alias": "materias",
        "meta": "@materias",
        "userDefined": false
      }
    ],
    "isTemplate": false,
    "count": 0,
    "updated": 1508589850
  },
  {
    "id": "0e792103-e9e0-45fb-a8ab-c50920f136d1",
    "data": [
      {
        "text": "quero ver mais",
        "alias": "euQuero",
        "meta": "@euQuero",
        "userDefined": true
      }
    ],
    "isTemplate": false,
    "count": 0,
    "updated": 1508599086
  },
  {
    "id": "c7ca84ab-d861-4386-8faa-81e071ab3271",
    "data": [
      {
        "text": "deixa eu ver mais",
        "userDefined": false
      }
    ],
    "isTemplate": false,
    "count": 0,
    "updated": 1508589850
  },
  {
    "id": "bc1a02ca-ad23-44fc-ac70-589add7f921f",
    "data": [
      {
        "text": "vamos ver",
        "userDefined": false
      }
    ],
    "isTemplate": false,
    "count": 0,
    "updated": 1508589850
  },
  {
    "id": "9c52d96e-4b6a-4650-adbe-c7288996e4f1",
    "data": [
      {
        "text": "quero sim",
        "alias": "euQuero",
        "meta": "@euQuero",
        "userDefined": true
      }
    ],
    "isTemplate": false,
    "count": 0,
    "updated": 1508599086
  },
  {
    "id": "79becbde-74af-42a3-8d0f-737a6ed17d89",
    "data": [
      {
        "text": "claro",
        "userDefined": false
      }
    ],
    "isTemplate": false,
    "count": 1,
    "updated": 1508589850
  }
]