[
  {
    "id": "3d03f70a-5114-4d77-bb8d-609921e17628",
    "data": [
      {
        "text": "sim sim",
        "meta": "@sys.ignore",
        "userDefined": true
      }
    ],
    "isTemplate": false,
    "count": 0,
    "updated": 1508599086
  },
  {
    "id": "624c9189-71cd-49f9-87a5-a0846941bdfc",
    "data": [
      {
        "text": "Yep",
        "userDefined": false
      }
    ],
    "isTemplate": false,
    "count": 3,
    "updated": 1508589850
  },
  {
    "id": "9a590356-e2c4-4e74-9d59-062af15e73b2",
    "data": [
      {
        "text": "yes",
        "alias": "euQuero",
        "meta": "@euQuero",
        "userDefined": true
      }
    ],
    "isTemplate": false,
    "count": 1,
    "updated": 1508599086
  },
  {
    "id": "7bf02e79-40be-4f44-8be7-86505a3ab230",
    "data": [
      {
        "text": "sim",
        "alias": "euQuero",
        "meta": "@euQuero",
        "userDefined": true
      }
    ],
    "isTemplate": false,
    "count": 0,
    "updated": 1508589850
  },
  {
    "id": "d6bf0ee0-dc76-43ec-bed9-a1d52234bc9a",
    "data": [
      {
        "text": "quero ver mais",
        "alias": "euQuero",
        "meta": "@euQuero",
        "userDefined": true
      }
    ],
    "isTemplate": false,
    "count": 0,
    "updated": 1508599086
  },
  {
    "id": "fa8a1132-05b0-4152-9281-f6b5d888fd52",
    "data": [
      {
        "text": "deixa eu ",
        "userDefined": false
      },
      {
        "text": "ver",
        "alias": "euQuero",
        "meta": "@euQuero",
        "userDefined": true
      },
      {
        "text": " ",
        "userDefined": false
      },
      {
        "text": "mais",
        "alias": "euQuero",
        "meta": "@euQuero",
        "userDefined": true
      }
    ],
    "isTemplate": false,
    "count": 0,
    "updated": 1508589850
  },
  {
    "id": "c06f3ea5-cad5-435f-b150-e9a0f6b3830a",
    "data": [
      {
        "text": "vamos ver",
        "userDefined": false
      }
    ],
    "isTemplate": false,
    "count": 0,
    "updated": 1508589850
  },
  {
    "id": "d6cb58e5-1d6b-4adb-9288-c34539e0c1bd",
    "data": [
      {
        "text": "quero sim",
        "alias": "euQuero",
        "meta": "@euQuero",
        "userDefined": true
      }
    ],
    "isTemplate": false,
    "count": 0,
    "updated": 1508599086
  },
  {
    "id": "bdbe21e1-c8b9-490d-b5e4-a56efc54d6a3",
    "data": [
      {
        "text": "claro",
        "userDefined": false
      }
    ],
    "isTemplate": false,
    "count": 1,
    "updated": 1508589850
  }
]