[
  {
    "value": "ola",
    "synonyms": [
      "ola"
    ]
  },
  {
    "value": "oi",
    "synonyms": [
      "oi"
    ]
  },
  {
    "value": "oiie",
    "synonyms": [
      "oiie"
    ]
  },
  {
    "value": "oie",
    "synonyms": [
      "oie"
    ]
  },
  {
    "value": "Ola!",
    "synonyms": [
      "Ola!"
    ]
  },
  {
    "value": "Olá!",
    "synonyms": [
      "Olá!"
    ]
  },
  {
    "value": "Olá",
    "synonyms": [
      "Ola!"
    ]
  },
  {
    "value": "Como vai ?",
    "synonyms": [
      "Como vai ?"
    ]
  },
  {
    "value": "Diz ae",
    "synonyms": [
      "Diz ae"
    ]
  },
  {
    "value": "De boas ?",
    "synonyms": [
      "De boas ?"
    ]
  },
  {
    "value": "de boa ?",
    "synonyms": [
      "de boa ?"
    ]
  },
  {
    "value": "de boa",
    "synonyms": [
      "de boa"
    ]
  }
]