[
  {
    "value": "legal",
    "synonyms": [
      "legal",
      "ser legal",
      "gente boa",
      "bacana",
      "seja legal"
    ]
  },
  {
    "value": "vamos tratar outro assunto",
    "synonyms": [
      "vamos tratar outro assunto",
      "aleatórieadedes",
      "random",
      "outro assunto"
    ]
  },
  {
    "value": "assunto",
    "synonyms": [
      "assunto",
      "outros assuntos",
      "você sabe falar de outra coisa"
    ]
  },
  {
    "value": "outro assunto",
    "synonyms": [
      "outro assunto",
      "seja legal"
    ]
  },
  {
    "value": "resposábilidade",
    "synonyms": [
      "resposábilidade",
      "seja irresponsável"
    ]
  }
]