[
  {
    "value": "faltas na matéria",
    "synonyms": [
      "faltas na matéria",
      "faltas na materia"
    ]
  },
  {
    "value": "na materia",
    "synonyms": [
      "na materia"
    ]
  },
  {
    "value": "quantas faltas tenho em",
    "synonyms": [
      "quantas faltas tenho em"
    ]
  },
  {
    "value": "quero ver faltas na materia",
    "synonyms": [
      "quero ver faltas na materia"
    ]
  },
  {
    "value": "faltas especifícas",
    "synonyms": [
      "faltas especifícas"
    ]
  },
  {
    "value": "faltas em",
    "synonyms": [
      "faltas em"
    ]
  },
  {
    "value": "falta específica",
    "synonyms": [
      "falta específica"
    ]
  },
  {
    "value": "matéria específica",
    "synonyms": [
      "matéria específica"
    ]
  }
]