[
  {
    "value": "Quantas faltas tenho no total",
    "synonyms": [
      "Quantas faltas tenho no total",
      "total",
      "faltas total"
    ]
  },
  {
    "value": "total de faltas",
    "synonyms": [
      "total de faltas"
    ]
  },
  {
    "value": "faltas no total",
    "synonyms": [
      "faltas no total"
    ]
  },
  {
    "value": "total",
    "synonyms": [
      "total"
    ]
  },
  {
    "value": "tudo",
    "synonyms": [
      "tudo",
      "total",
      "todas"
    ]
  },
  {
    "value": "todas",
    "synonyms": [
      "todas",
      "tudo",
      "total",
      "todas as faltas"
    ]
  }
]