[
  {
    "value": "ihc",
    "synonyms": [
      "IHC001",
      "Interação humano computador",
      "ihc",
      "interação humano computador",
      "materia de bot",
      "materia de chatbot",
      "IHC"
    ]
  },
  {
    "value": "administração",
    "synonyms": [
      "AAG001",
      "adm",
      "administracao",
      "administração",
      "Administração",
      "geraldo",
      "Geraldo",
      "admin"
    ]
  },
  {
    "value": "contabilidade",
    "synonyms": [
      "CCG001",
      "Contabilidade",
      "contabilidade",
      "aula de contabilidade",
      "matéria de contabilidade",
      "materia de contabilidade",
      "Contabilidade"
    ]
  },
  {
    "value": "economia",
    "synonyms": [
      "CEF100",
      "economia e finanças",
      "Economia e finanças",
      "aula de economia",
      "economia",
      "matéria de economia",
      "aula de finanças",
      "Economia",
      "guaraci"
    ]
  },
  {
    "value": "sociedade",
    "synonyms": [
      "HST002",
      "sociedade e tecnologia",
      "Sociedade e tecnologia",
      "aula de sociologia",
      "sociologia",
      "agliberto",
      "Agliberto",
      "matéria de sociedade e tecnologia",
      "materia de sociedade e tecnologia"
    ]
  },
  {
    "value": "aoc",
    "synonyms": [
      "IAC001",
      "Arquitetura e Organização de Computadores",
      "aula de Arquitetura",
      "matéria de Arquitetura",
      "egydio",
      "Egydio",
      "xpto",
      "guaraná com rolha",
      "aula de aoc",
      "aula de AOc",
      "aula de AOC"
    ]
  },
  {
    "value": "ed",
    "synonyms": [
      "IED001",
      "Estrutura de dados",
      "ed",
      "ED",
      "aula de estrutura",
      "aula de estrutura de dados",
      "EDD",
      "edd",
      "aula de ed",
      "aula de edd"
    ]
  },
  {
    "value": "engenharia 1",
    "synonyms": [
      "IES100",
      "engenharia de software I",
      "engenharia I",
      "engenharia 1",
      "engenharia de software 1",
      "Engenharia de software I",
      "es1",
      "ES1",
      "aula de engenharia",
      "engenharia de software"
    ]
  },
  {
    "value": "engenharia 2",
    "synonyms": [
      "IES200",
      "engenharia de software II",
      "engenharia II",
      "engenharia 2",
      "engenharia de software 2",
      "Engenharia de software 2",
      "Engenharia de software II",
      "es2",
      "ES2"
    ]
  },
  {
    "value": "hardware",
    "synonyms": [
      "IHW100",
      "laboratório de hardware",
      "hardware",
      "hwd",
      "hwrd",
      "laboratório",
      "lab de hardware"
    ]
  },
  {
    "value": "microinformatica",
    "synonyms": [
      "IHW100",
      "pmic",
      "Programação em microinformatica",
      "programação em microinformática",
      "aula de appinventor",
      "aula de AppInventor",
      "matéria de appInventor",
      "appinvetor"
    ]
  },
  {
    "value": "poo",
    "synonyms": [
      "ILP007",
      "programação orientada a objetos",
      "poo",
      "POO",
      "LOO",
      "loo",
      "aula de POO"
    ]
  },
  {
    "value": "lp",
    "synonyms": [
      "ILP010",
      "linguagem de programação",
      "LP",
      "lp",
      "c",
      "aula de c",
      "C",
      "Linguagem de programação",
      "LP"
    ]
  },
  {
    "value": "teste",
    "synonyms": [
      "IQS500",
      "teste de software",
      "teste",
      "aula de teste",
      "Teste de software",
      "testes de software"
    ]
  },
  {
    "value": "sistemas de informação",
    "synonyms": [
      "ISI002",
      "sistemas de informação",
      "SI",
      "S.I",
      "aula de si",
      "aula de SI",
      "aula de S.I"
    ]
  },
  {
    "value": "LIN100",
    "synonyms": [
      "LIN100",
      "inglês 1",
      "inglês I"
    ]
  },
  {
    "value": "LIN200",
    "synonyms": [
      "LIN200",
      "inglês 2",
      "inglês II",
      "Inglês 2",
      "Ingles II"
    ]
  },
  {
    "value": "LIN300",
    "synonyms": [
      "LIN300",
      "inglês 3",
      "Inglês III"
    ]
  },
  {
    "value": "LIN400",
    "synonyms": [
      "LIN400",
      "Inglês 4",
      "inglês 4",
      "Inglês IV",
      "inglês IV"
    ]
  },
  {
    "value": "LIN500",
    "synonyms": [
      "LIN500",
      "Inglês 5",
      "inglês 5",
      "inglês V",
      "Inglês 5"
    ]
  },
  {
    "value": "LIN600",
    "synonyms": [
      "LIN600",
      "Inglês 6",
      "inglês VI"
    ]
  },
  {
    "value": "cálculo",
    "synonyms": [
      "MCA002",
      "Cálculo",
      "cálculo",
      "Cálculo 1",
      "Cálculo I",
      "cálculo 1",
      "cálculo I",
      "calc 1"
    ]
  },
  {
    "value": "matemárica discreta",
    "synonyms": [
      "MMD001",
      "matemática discreta",
      "md",
      "aula de matemática",
      "Matéria discreta"
    ]
  }
]