[
  {
    "value": "faltar",
    "synonyms": [
      "faltar"
    ]
  },
  {
    "value": "não ir",
    "synonyms": [
      "não ir"
    ]
  },
  {
    "value": "não ir a faculdade",
    "synonyms": [
      "não ir a faculdade"
    ]
  },
  {
    "value": "preguiça de ir",
    "synonyms": [
      "preguiça d"
    ]
  },
  {
    "value": "devo ir hoje ?",
    "synonyms": [
      "devo ir hoje ?"
    ]
  },
  {
    "value": "não quero ir",
    "synonyms": [
      "não quero ir",
      "preguiça",
      "vou faltar"
    ]
  }
]